INDEP,SHIFT,DEP,STOR
16N,16N,16N,1S
4.55,-0.15,0,*
4.56,-0.15,0.03,
4.57,-0.15,0.06,
4.58,-0.15,0.08,
4.59,-0.15,0.11,
4.6,-0.15,0.14,
4.61,-0.15,0.17,
4.62,-0.15,0.19,
4.63,-0.15,0.22,
4.64,-0.15,0.25,
4.65,-0.15,0.28,
4.66,-0.15,0.31,
4.67,-0.15,0.33,
4.68,-0.15,0.36,
4.69,-0.15,0.39,
4.7,-0.15,0.42,
4.71,-0.15,0.44,
4.72,-0.15,0.47,
4.73,-0.15,0.5,*
4.74,-0.15,0.56,
4.75,-0.15,0.62,
4.76,-0.15,0.69,
4.77,-0.15,0.76,
4.78,-0.15,0.84,
4.79,-0.15,0.92,
4.8,-0.15,1,
4.81,-0.15,1.1,
4.82,-0.15,1.2,
4.83,-0.15,1.3,
4.84,-0.15,1.4,
4.85,-0.15,1.5,
4.86,-0.15,1.6,
4.87,-0.15,1.7,
4.88,-0.15,1.8,*
4.89,-0.15,1.9,
4.9,-0.15,2,
4.91,-0.15,2.1,
4.92,-0.15,2.3,
4.93,-0.15,2.4,
4.94,-0.15,2.5,
4.95,-0.15,2.6,
4.96,-0.15,2.8,
4.97,-0.15,2.9,
4.98,-0.15,3,
4.99,-0.15,3.2,
5,-0.15,3.3,
5.01,-0.15,3.5,
5.02,-0.15,3.6,
5.03,-0.15,3.8,
5.04,-0.15,4,
5.05,-0.15,4.1,
5.06,-0.15,4.3,
5.07,-0.15,4.5,*
5.08,-0.15,4.7,
5.09,-0.15,4.9,
5.1,-0.15,5.1,
5.11,-0.15,5.3,
5.12,-0.15,5.5,
5.13,-0.15,5.8,
5.14,-0.15,6,
5.15,-0.15,6.2,
5.16,-0.15,6.5,
5.17,-0.15,6.7,
5.18,-0.15,7,
5.19,-0.15,7.3,
5.2,-0.15,7.5,
5.21,-0.15,7.8,
5.22,-0.15,8.1,
5.23,-0.15,8.4,
5.24,-0.15,8.7,
5.25,-0.15,8.9,
5.26,-0.15,9.3,
5.27,-0.15,9.6,
5.28,-0.15,9.9,
5.29,-0.15,10,
5.3,-0.15,11,
5.31,-0.15,11,
5.32,-0.15,11,
5.33,-0.15,12,*
5.34,-0.15,12,
5.35,-0.15,12,
5.36,-0.15,13,
5.37,-0.15,13,
5.38,-0.15,13,
5.39,-0.15,14,
5.4,-0.15,14,
5.41,-0.15,14,
5.42,-0.15,15,
5.43,-0.15,15,
5.44,-0.15,16,
5.45,-0.15,16,
5.46,-0.15,16,
5.47,-0.15,17,
5.48,-0.15,17,
5.49,-0.15,18,
5.5,-0.15,18,
5.51,-0.15,18,
5.52,-0.15,19,
5.53,-0.15,19,
5.54,-0.15,20,
5.55,-0.15,20,
5.56,-0.15,21,
5.57,-0.15,21,
5.58,-0.15,22,
5.59,-0.15,22,
5.6,-0.15,23,
5.61,-0.15,23,
5.62,-0.15,24,
5.63,-0.15,24,
5.64,-0.15,25,
5.65,-0.15,25,
5.66,-0.15,26,
5.67,-0.15,26,
5.68,-0.15,27,
5.69,-0.15,27,
5.7,-0.15,28,
5.71,-0.15,28,
5.72,-0.15,29,
5.73,-0.15,29,
5.74,-0.15,30,
5.75,-0.15,31,
5.76,-0.15,31,
5.77,-0.15,32,
5.78,-0.15,32,
5.79,-0.15,33,
5.8,-0.15,33,
5.81,-0.15,34,
5.82,-0.15,35,
5.83,-0.15,35,
5.84,-0.15,36,
5.85,-0.15,37,
5.86,-0.15,37,
5.87,-0.15,38,
5.88,-0.15,38,
5.89,-0.15,39,
5.9,-0.15,40,
5.91,-0.15,40,
5.92,-0.15,41,
5.93,-0.15,42,
5.94,-0.15,43,
5.95,-0.15,43,
5.96,-0.15,44,
5.97,-0.15,45,
5.98,-0.15,45,
5.99,-0.15,46,
6,-0.15,47,
6.01,-0.15,47,
6.02,-0.15,48,
6.03,-0.15,49,
6.04,-0.15,50,
6.05,-0.15,50,
6.06,-0.15,51,
6.07,-0.15,52,
6.08,-0.15,53,
6.09,-0.15,54,
6.1,-0.15,54,
6.11,-0.15,55,
6.12,-0.15,56,
6.13,-0.15,57,
6.14,-0.15,58,
6.15,-0.15,58,
6.16,-0.15,59,
6.17,-0.15,60,
6.18,-0.15,61,
6.19,-0.15,62,
6.2,-0.15,63,
6.21,-0.15,63,*
6.22,-0.15,64,
6.23,-0.15,65,
6.24,-0.15,66,
6.25,-0.15,67,
6.26,-0.15,68,
6.27,-0.15,69,
6.28,-0.15,70,
6.29,-0.15,71,
6.3,-0.15,72,
6.31,-0.15,73,
6.32,-0.15,74,
6.33,-0.15,75,
6.34,-0.15,76,
6.35,-0.15,77,
6.36,-0.15,78,
6.37,-0.15,79,
6.38,-0.15,80,
6.39,-0.15,81,
6.4,-0.15,82,
6.41,-0.15,83,
6.42,-0.15,85,
6.43,-0.15,86,
6.44,-0.15,87,
6.45,-0.15,88,
6.46,-0.15,89,
6.47,-0.15,90,
6.48,-0.15,91,
6.49,-0.15,92,
6.5,-0.15,94,
6.51,-0.15,95,
6.52,-0.15,96,
6.53,-0.15,97,
6.54,-0.15,98,
6.55,-0.15,99,
6.56,-0.15,101,
6.57,-0.15,102,
6.58,-0.15,103,
6.59,-0.15,104,
6.6,-0.15,105,
6.61,-0.15,107,
6.62,-0.15,108,
6.63,-0.15,109,
6.64,-0.15,110,
6.65,-0.15,112,
6.66,-0.15,113,
6.67,-0.15,114,
6.68,-0.15,116,
6.69,-0.15,117,
6.7,-0.15,118,
6.71,-0.15,120,
6.72,-0.15,121,
6.73,-0.15,122,
6.74,-0.15,124,
6.75,-0.15,125,
6.76,-0.15,126,
6.77,-0.15,128,
6.78,-0.15,129,
6.79,-0.15,131,
6.8,-0.15,132,
6.81,-0.15,133,
6.82,-0.15,135,
6.83,-0.15,136,
6.84,-0.15,138,
6.85,-0.15,139,
6.86,-0.15,141,*
6.87,-0.15,142,
6.88,-0.15,144,
6.89,-0.15,145,
6.9,-0.15,146,
6.91,-0.15,148,
6.92,-0.15,149,
6.93,-0.15,151,
6.94,-0.15,152,
6.95,-0.15,154,
6.96,-0.15,156,
6.97,-0.15,157,
6.98,-0.15,159,
6.99,-0.15,160,
7,-0.15,162,
7.01,-0.15,163,
7.02,-0.15,165,
7.03,-0.15,167,
7.04,-0.15,168,
7.05,-0.15,170,
7.06,-0.15,171,
7.07,-0.15,173,
7.08,-0.15,175,
7.09,-0.15,176,
7.1,-0.15,178,
7.11,-0.15,180,
7.12,-0.15,181,
7.13,-0.15,183,
7.14,-0.15,185,
7.15,-0.15,186,
7.16,-0.15,188,
7.17,-0.15,190,
7.18,-0.15,192,
7.19,-0.15,193,
7.2,-0.15,195,
7.21,-0.15,197,
7.22,-0.15,199,
7.23,-0.15,200,
7.24,-0.15,202,
7.25,-0.15,204,
7.26,-0.15,206,
7.27,-0.15,208,
7.28,-0.15,209,
7.29,-0.15,211,
7.3,-0.15,213,
7.31,-0.15,215,
7.32,-0.15,217,
7.33,-0.15,219,
7.34,-0.15,221,
7.35,-0.15,223,
7.36,-0.15,224,
7.37,-0.15,226,
7.38,-0.15,228,
7.39,-0.15,230,
7.4,-0.15,232,
7.41,-0.15,234,
7.42,-0.15,236,
7.43,-0.15,238,
7.44,-0.15,240,
7.45,-0.15,242,
7.46,-0.15,244,
7.47,-0.15,246,
7.48,-0.15,248,
7.49,-0.15,250,
7.5,-0.15,252,
7.51,-0.15,254,
7.52,-0.15,256,
7.53,-0.15,258,
7.54,-0.15,260,
7.55,-0.15,262,
7.56,-0.15,264,
7.57,-0.15,267,
7.58,-0.15,269,
7.59,-0.15,271,
7.6,-0.15,273,
7.61,-0.15,275,
7.62,-0.15,277,
7.63,-0.15,279,
7.64,-0.15,282,
7.65,-0.15,284,
7.66,-0.15,286,
7.67,-0.15,288,
7.68,-0.15,290,
7.69,-0.15,293,
7.7,-0.15,295,
7.71,-0.15,297,
7.72,-0.15,299,
7.73,-0.15,301,
7.74,-0.15,304,
7.75,-0.15,306,
7.76,-0.15,308,
7.77,-0.15,311,
7.78,-0.15,313,
7.79,-0.15,315,
7.8,-0.15,318,
7.81,-0.15,320,
7.82,-0.15,322,
7.83,-0.15,325,
7.84,-0.15,327,
7.85,-0.15,329,
7.86,-0.15,332,
7.87,-0.15,334,
7.88,-0.15,337,
7.89,-0.15,339,
7.9,-0.15,341,
7.91,-0.15,344,
7.92,-0.15,346,
7.93,-0.15,349,
7.94,-0.15,351,
7.95,-0.15,354,
7.96,-0.15,356,
7.97,-0.15,359,
7.98,-0.15,361,
7.99,-0.15,364,
8,-0.15,366,
8.01,-0.15,369,
8.02,-0.15,371,
8.03,-0.15,374,
8.04,-0.15,376,
8.05,-0.14,382,
8.06,-0.14,384,
8.07,-0.14,387,
8.08,-0.14,389,
8.09,-0.14,392,
8.1,-0.14,394,
8.11,-0.14,397,
8.12,-0.14,399,
8.13,-0.14,402,
8.14,-0.14,405,
8.15,-0.14,407,
8.16,-0.14,410,
8.17,-0.14,413,
8.18,-0.14,415,
8.19,-0.14,418,
8.2,-0.14,420,
8.21,-0.14,423,
8.22,-0.14,426,
8.23,-0.14,429,
8.24,-0.14,431,
8.25,-0.14,434,
8.26,-0.14,437,
8.27,-0.14,439,
8.28,-0.14,442,
8.29,-0.14,445,
8.3,-0.14,448,
8.31,-0.14,450,
8.32,-0.14,453,
8.33,-0.14,456,
8.34,-0.14,459,
8.35,-0.14,462,
8.36,-0.14,464,
8.37,-0.14,467,
8.38,-0.14,470,
8.39,-0.14,473,
8.4,-0.14,476,
8.41,-0.14,479,
8.42,-0.14,482,
8.43,-0.14,484,
8.44,-0.14,487,
8.45,-0.14,490,
8.46,-0.14,493,
8.47,-0.14,496,
8.48,-0.14,499,
8.49,-0.14,502,
8.5,-0.14,505,
8.51,-0.14,508,
8.52,-0.14,511,
8.53,-0.14,514,
8.54,-0.14,517,
8.55,-0.14,520,
8.56,-0.14,523,
8.57,-0.14,526,
8.58,-0.14,529,
8.59,-0.14,532,
8.6,-0.14,535,
8.61,-0.14,538,
8.62,-0.14,541,
8.63,-0.14,544,
8.64,-0.14,547,
8.65,-0.13,554,
8.66,-0.13,557,
8.67,-0.13,560,
8.68,-0.13,563,
8.69,-0.13,566,
8.7,-0.13,569,
8.71,-0.13,573,
8.72,-0.13,576,
8.73,-0.13,579,
8.74,-0.13,582,
8.75,-0.13,585,
8.76,-0.13,589,
8.77,-0.13,592,
8.78,-0.13,595,
8.79,-0.13,598,
8.8,-0.13,602,
8.81,-0.13,605,
8.82,-0.13,608,
8.83,-0.13,611,
8.84,-0.13,615,
8.85,-0.13,618,
8.86,-0.13,621,
8.87,-0.13,625,
8.88,-0.13,628,
8.89,-0.13,631,
8.9,-0.13,635,
8.91,-0.13,638,
8.92,-0.13,642,
8.93,-0.13,645,
8.94,-0.13,648,
8.95,-0.13,652,
8.96,-0.13,655,
8.97,-0.13,659,
8.98,-0.13,662,
8.99,-0.13,666,
9,-0.13,669,
9.01,-0.13,673,
9.02,-0.13,676,
9.03,-0.13,680,
9.04,-0.13,683,
9.05,-0.13,687,
9.06,-0.13,690,
9.07,-0.13,694,
9.08,-0.13,697,
9.09,-0.13,701,
9.1,-0.13,704,
9.11,-0.13,708,
9.12,-0.13,712,
9.13,-0.13,715,
9.14,-0.13,719,
9.15,-0.13,722,
9.16,-0.13,726,
9.17,-0.13,730,
9.18,-0.13,733,
9.19,-0.13,737,
9.2,-0.13,741,
9.21,-0.13,744,
9.22,-0.13,748,
9.23,-0.13,752,
9.24,-0.13,755,
9.25,-0.13,759,
9.26,-0.12,767,
9.27,-0.12,770,
9.28,-0.12,774,
9.29,-0.12,778,
9.3,-0.12,782,
9.31,-0.12,786,
9.32,-0.12,789,
9.33,-0.12,793,
9.34,-0.12,797,
9.35,-0.12,801,
9.36,-0.12,805,
9.37,-0.12,809,
9.38,-0.12,813,
9.39,-0.12,816,
9.4,-0.12,820,
9.41,-0.12,824,
9.42,-0.12,828,
9.43,-0.12,832,
9.44,-0.12,836,
9.45,-0.12,840,
9.46,-0.12,844,
9.47,-0.12,848,
9.48,-0.12,852,
9.49,-0.12,856,
9.5,-0.12,860,
9.51,-0.12,864,
9.52,-0.12,868,*
9.53,-0.12,872,
9.54,-0.12,876,
9.55,-0.12,880,
9.56,-0.12,884,
9.57,-0.12,888,
9.58,-0.12,892,
9.59,-0.12,896,
9.6,-0.12,900,
9.61,-0.12,905,
9.62,-0.12,909,
9.63,-0.12,913,
9.64,-0.12,917,
9.65,-0.12,921,
9.66,-0.12,925,
9.67,-0.12,929,
9.68,-0.12,934,
9.69,-0.12,938,
9.7,-0.12,942,
9.71,-0.12,946,
9.72,-0.12,950,
9.73,-0.12,955,
9.74,-0.12,959,
9.75,-0.12,963,
9.76,-0.12,967,
9.77,-0.12,972,
9.78,-0.12,976,
9.79,-0.12,980,
9.8,-0.12,985,
9.81,-0.12,989,
9.82,-0.12,993,
9.83,-0.12,997,
9.84,-0.12,1000,
9.85,-0.12,1010,
9.86,-0.11,1010,
9.87,-0.11,1020,
9.88,-0.11,1020,
9.89,-0.11,1030,
9.9,-0.11,1030,
9.91,-0.11,1040,
9.92,-0.11,1040,
9.93,-0.11,1050,
9.94,-0.11,1050,
9.95,-0.11,1050,
9.96,-0.11,1060,
9.97,-0.11,1060,
9.98,-0.11,1070,
9.99,-0.11,1070,
10,-0.11,1080,
10.01,-0.11,1080,
10.02,-0.11,1090,
10.03,-0.11,1090,
10.04,-0.11,1100,
10.05,-0.11,1100,
10.06,-0.11,1100,
10.07,-0.11,1110,
10.08,-0.11,1110,
10.09,-0.11,1120,
10.1,-0.11,1120,
10.11,-0.11,1130,
10.12,-0.11,1130,
10.13,-0.11,1140,
10.14,-0.11,1140,
10.15,-0.11,1150,
10.16,-0.11,1150,
10.17,-0.11,1160,
10.18,-0.11,1160,
10.19,-0.11,1170,
10.2,-0.11,1170,
10.21,-0.11,1180,
10.22,-0.11,1180,
10.23,-0.11,1180,
10.24,-0.11,1190,
10.25,-0.11,1190,
10.26,-0.11,1200,
10.27,-0.11,1200,
10.28,-0.11,1210,
10.29,-0.11,1210,
10.3,-0.11,1220,
10.31,-0.11,1220,
10.32,-0.11,1230,
10.33,-0.11,1230,
10.34,-0.11,1240,
10.35,-0.11,1240,
10.36,-0.11,1250,
10.37,-0.11,1250,
10.38,-0.11,1260,
10.39,-0.11,1260,
10.4,-0.11,1270,
10.41,-0.11,1270,
10.42,-0.11,1280,
10.43,-0.11,1280,
10.44,-0.11,1290,
10.45,-0.11,1290,
10.46,-0.11,1300,
10.47,-0.1,1310,
10.48,-0.1,1310,
10.49,-0.1,1320,
10.5,-0.1,1320,
10.51,-0.1,1330,
10.52,-0.1,1330,
10.53,-0.1,1340,
10.54,-0.1,1340,
10.55,-0.1,1350,
10.56,-0.1,1350,
10.57,-0.1,1360,
10.58,-0.1,1360,
10.59,-0.1,1370,
10.6,-0.1,1370,
10.61,-0.1,1380,
10.62,-0.1,1380,
10.63,-0.1,1390,
10.64,-0.1,1400,
10.65,-0.1,1400,
10.66,-0.1,1410,
10.67,-0.1,1410,
10.68,-0.1,1420,
10.69,-0.1,1420,
10.7,-0.1,1430,
10.71,-0.1,1430,
10.72,-0.1,1440,
10.73,-0.1,1440,
10.74,-0.1,1450,
10.75,-0.1,1450,
10.76,-0.1,1460,
10.77,-0.1,1460,
10.78,-0.1,1470,
10.79,-0.1,1480,
10.8,-0.1,1480,
10.81,-0.1,1490,
10.82,-0.1,1490,
10.83,-0.1,1500,
10.84,-0.1,1500,
10.85,-0.1,1510,
10.86,-0.1,1510,
10.87,-0.1,1520,
10.88,-0.1,1520,
10.89,-0.1,1530,
10.9,-0.1,1540,
10.91,-0.1,1540,
10.92,-0.1,1550,
10.93,-0.1,1550,
10.94,-0.1,1560,
10.95,-0.1,1560,
10.96,-0.1,1570,
10.97,-0.1,1570,
10.98,-0.1,1580,
10.99,-0.1,1590,
11,-0.1,1590,
11.01,-0.1,1600,
11.02,-0.1,1600,
11.03,-0.1,1610,
11.04,-0.1,1610,
11.05,-0.1,1620,
11.06,-0.1,1630,
11.07,-0.09,1640,
11.08,-0.09,1640,
11.09,-0.09,1650,
11.1,-0.09,1650,
11.11,-0.09,1660,
11.12,-0.09,1670,
11.13,-0.09,1670,
11.14,-0.09,1680,
11.15,-0.09,1680,
11.16,-0.09,1690,
11.17,-0.09,1700,
11.18,-0.09,1700,
11.19,-0.09,1710,
11.2,-0.09,1710,
11.21,-0.09,1720,
11.22,-0.09,1730,
11.23,-0.09,1730,
11.24,-0.09,1740,
11.25,-0.09,1740,
11.26,-0.09,1750,
11.27,-0.09,1750,
11.28,-0.09,1760,
11.29,-0.09,1770,
11.3,-0.09,1770,
11.31,-0.09,1780,
11.32,-0.09,1780,
11.33,-0.09,1790,
11.34,-0.09,1800,
11.35,-0.09,1800,
11.36,-0.09,1810,
11.37,-0.09,1820,
11.38,-0.09,1820,
11.39,-0.09,1830,
11.4,-0.09,1830,
11.41,-0.09,1840,
11.42,-0.09,1850,
11.43,-0.09,1850,
11.44,-0.09,1860,
11.45,-0.09,1860,
11.46,-0.09,1870,
11.47,-0.09,1880,
11.48,-0.09,1880,
11.49,-0.09,1890,
11.5,-0.09,1900,
11.51,-0.09,1900,
11.52,-0.09,1910,
11.53,-0.09,1910,
11.54,-0.09,1920,
11.55,-0.09,1930,
11.56,-0.09,1930,
11.57,-0.09,1940,
11.58,-0.09,1950,
11.59,-0.09,1950,
11.6,-0.09,1960,
11.61,-0.09,1970,
11.62,-0.09,1970,
11.63,-0.09,1980,
11.64,-0.09,1980,
11.65,-0.09,1990,
11.66,-0.09,2000,
11.67,-0.09,2000,
11.68,-0.08,2020,
11.69,-0.08,2020,
11.7,-0.08,2030,
11.71,-0.08,2040,
11.72,-0.08,2040,
11.73,-0.08,2050,
11.74,-0.08,2060,
11.75,-0.08,2060,
11.76,-0.08,2070,
11.77,-0.08,2080,
11.78,-0.08,2080,
11.79,-0.08,2090,
11.8,-0.08,2100,
11.81,-0.08,2100,
11.82,-0.08,2110,
11.83,-0.08,2110,
11.84,-0.08,2120,
11.85,-0.08,2130,
11.86,-0.08,2130,
11.87,-0.08,2140,
11.88,-0.08,2150,
11.89,-0.08,2160,
11.9,-0.08,2160,
11.91,-0.08,2170,
11.92,-0.08,2180,
11.93,-0.08,2180,
11.94,-0.08,2190,
11.95,-0.08,2200,
11.96,-0.08,2200,
11.97,-0.08,2210,
11.98,-0.08,2220,
11.99,-0.08,2220,
12,-0.08,2230,
12.01,-0.08,2240,
12.02,-0.08,2240,
12.03,-0.08,2250,
12.04,-0.08,2260,
12.05,-0.08,2260,
12.06,-0.08,2270,
12.07,-0.08,2280,
12.08,-0.08,2280,
12.09,-0.08,2290,
12.1,-0.08,2300,
12.11,-0.08,2310,
12.12,-0.08,2310,
12.13,-0.08,2320,
12.14,-0.08,2330,
12.15,-0.08,2330,
12.16,-0.08,2340,
12.17,-0.08,2350,
12.18,-0.08,2360,
12.19,-0.08,2360,
12.2,-0.08,2370,
12.21,-0.08,2380,
12.22,-0.08,2380,
12.23,-0.08,2390,
12.24,-0.08,2400,
12.25,-0.08,2400,
12.26,-0.08,2410,
12.27,-0.08,2420,
12.28,-0.07,2430,
12.29,-0.07,2440,
12.3,-0.07,2450,
12.31,-0.07,2460,
12.32,-0.07,2460,
12.33,-0.07,2470,
12.34,-0.07,2480,
12.35,-0.07,2480,
12.36,-0.07,2490,
12.37,-0.07,2500,
12.38,-0.07,2510,
12.39,-0.07,2510,
12.4,-0.07,2520,
12.41,-0.07,2530,
12.42,-0.07,2540,
12.43,-0.07,2540,
12.44,-0.07,2550,
12.45,-0.07,2560,
12.46,-0.07,2570,
12.47,-0.07,2570,
12.48,-0.07,2580,
12.49,-0.07,2590,
12.5,-0.07,2590,
12.51,-0.07,2600,
12.52,-0.07,2610,
12.53,-0.07,2620,
12.54,-0.07,2620,
12.55,-0.07,2630,
12.56,-0.07,2640,*
12.57,-0.07,2650,
12.58,-0.07,2660,
12.59,-0.07,2660,
12.6,-0.07,2670,
12.61,-0.07,2680,
12.62,-0.07,2690,
12.63,-0.07,2690,
12.64,-0.07,2700,
12.65,-0.07,2710,
12.66,-0.07,2720,
12.67,-0.07,2720,
12.68,-0.07,2730,
12.69,-0.07,2740,
12.7,-0.07,2750,
12.71,-0.07,2750,
12.72,-0.07,2760,
12.73,-0.07,2770,
12.74,-0.07,2780,
12.75,-0.07,2780,
12.76,-0.07,2790,
12.77,-0.07,2800,
12.78,-0.07,2810,
12.79,-0.07,2820,
12.8,-0.07,2820,
12.81,-0.07,2830,
12.82,-0.07,2840,
12.83,-0.07,2850,
12.84,-0.07,2850,
12.85,-0.07,2860,
12.86,-0.07,2870,
12.87,-0.07,2880,
12.88,-0.06,2890,
12.89,-0.06,2900,
12.9,-0.06,2910,
12.91,-0.06,2920,
12.92,-0.06,2930,
12.93,-0.06,2930,
12.94,-0.06,2940,
12.95,-0.06,2950,
12.96,-0.06,2960,
12.97,-0.06,2970,
12.98,-0.06,2970,
12.99,-0.06,2980,
13,-0.06,2990,
13.01,-0.06,3000,
13.02,-0.06,3010,
13.03,-0.06,3010,
13.04,-0.06,3020,
13.05,-0.06,3030,
13.06,-0.06,3040,
13.07,-0.06,3050,
13.08,-0.06,3050,
13.09,-0.06,3060,
13.1,-0.06,3070,
13.11,-0.06,3080,
13.12,-0.06,3090,
13.13,-0.06,3100,
13.14,-0.06,3100,
13.15,-0.06,3110,
13.16,-0.06,3120,
13.17,-0.06,3130,
13.18,-0.06,3140,
13.19,-0.06,3140,
13.2,-0.06,3150,
13.21,-0.06,3160,
13.22,-0.06,3170,
13.23,-0.06,3180,
13.24,-0.06,3190,
13.25,-0.06,3190,
13.26,-0.06,3200,
13.27,-0.06,3210,
13.28,-0.06,3220,
13.29,-0.06,3230,
13.3,-0.06,3240,
13.31,-0.06,3240,
13.32,-0.06,3250,
13.33,-0.06,3260,
13.34,-0.06,3270,
13.35,-0.06,3280,
13.36,-0.06,3290,
13.37,-0.06,3300,
13.38,-0.06,3300,
13.39,-0.06,3310,
13.4,-0.06,3320,
13.41,-0.06,3330,
13.42,-0.06,3340,
13.43,-0.06,3350,
13.44,-0.06,3360,
13.45,-0.06,3360,
13.46,-0.06,3370,
13.47,-0.06,3380,
13.48,-0.06,3390,
13.49,-0.05,3410,
13.5,-0.05,3420,
13.51,-0.05,3420,
13.52,-0.05,3430,
13.53,-0.05,3440,
13.54,-0.05,3450,
13.55,-0.05,3460,
13.56,-0.05,3470,
13.57,-0.05,3480,
13.58,-0.05,3490,
13.59,-0.05,3490,
13.6,-0.05,3500,
13.61,-0.05,3510,
13.62,-0.05,3520,
13.63,-0.05,3530,
13.64,-0.05,3540,
13.65,-0.05,3550,
13.66,-0.05,3560,
13.67,-0.05,3560,
13.68,-0.05,3570,
13.69,-0.05,3580,
13.7,-0.05,3590,
13.71,-0.05,3600,
13.72,-0.05,3610,
13.73,-0.05,3620,
13.74,-0.05,3630,
13.75,-0.05,3640,
13.76,-0.05,3650,
13.77,-0.05,3650,
13.78,-0.05,3660,
13.79,-0.05,3670,
13.8,-0.05,3680,
13.81,-0.05,3690,
13.82,-0.05,3700,
13.83,-0.05,3710,
13.84,-0.05,3720,
13.85,-0.05,3730,
13.86,-0.05,3740,
13.87,-0.05,3750,
13.88,-0.05,3750,
13.89,-0.05,3760,
13.9,-0.05,3770,
13.91,-0.05,3780,
13.92,-0.05,3790,
13.93,-0.05,3800,
13.94,-0.05,3810,
13.95,-0.05,3820,
13.96,-0.05,3830,
13.97,-0.05,3840,
13.98,-0.05,3850,
13.99,-0.05,3860,
14,-0.05,3860,
14.01,-0.05,3870,
14.02,-0.05,3880,
14.03,-0.05,3890,
14.04,-0.05,3900,
14.05,-0.05,3910,
14.06,-0.05,3920,
14.07,-0.05,3930,
14.08,-0.05,3940,
14.09,-0.04,3960,
14.1,-0.04,3970,
14.11,-0.04,3980,
14.12,-0.04,3990,
14.13,-0.04,4000,
14.14,-0.04,4010,
14.15,-0.04,4020,
14.16,-0.04,4020,
14.17,-0.04,4030,
14.18,-0.04,4040,
14.19,-0.04,4050,
14.2,-0.04,4060,
14.21,-0.04,4070,
14.22,-0.04,4080,
14.23,-0.04,4090,
14.24,-0.04,4100,
14.25,-0.04,4110,
14.26,-0.04,4120,
14.27,-0.04,4130,
14.28,-0.04,4140,
14.29,-0.04,4150,
14.3,-0.04,4160,
14.31,-0.04,4170,
14.32,-0.04,4180,
14.33,-0.04,4190,
14.34,-0.04,4200,
14.35,-0.04,4210,
14.36,-0.04,4220,
14.37,-0.04,4230,
14.38,-0.04,4240,
14.39,-0.04,4250,
14.4,-0.04,4260,
14.41,-0.04,4270,
14.42,-0.04,4280,
14.43,-0.04,4290,
14.44,-0.04,4300,
14.45,-0.04,4310,
14.46,-0.04,4320,
14.47,-0.04,4330,
14.48,-0.04,4340,
14.49,-0.04,4350,
14.5,-0.04,4360,
14.51,-0.04,4370,
14.52,-0.04,4380,
14.53,-0.04,4390,
14.54,-0.04,4400,
14.55,-0.04,4410,
14.56,-0.04,4420,
14.57,-0.04,4430,
14.58,-0.04,4440,
14.59,-0.04,4450,
14.6,-0.04,4460,
14.61,-0.04,4470,
14.62,-0.04,4480,
14.63,-0.04,4490,
14.64,-0.04,4500,
14.65,-0.04,4510,
14.66,-0.04,4520,
14.67,-0.04,4530,
14.68,-0.04,4540,
14.69,-0.04,4550,
14.7,-0.03,4570,
14.71,-0.03,4580,
14.72,-0.03,4590,
14.73,-0.03,4600,
14.74,-0.03,4610,
14.75,-0.03,4620,
14.76,-0.03,4630,
14.77,-0.03,4640,
14.78,-0.03,4650,
14.79,-0.03,4660,
14.8,-0.03,4670,
14.81,-0.03,4680,
14.82,-0.03,4690,
14.83,-0.03,4700,
14.84,-0.03,4710,
14.85,-0.03,4720,
14.86,-0.03,4730,
14.87,-0.03,4740,
14.88,-0.03,4750,
14.89,-0.03,4760,
14.9,-0.03,4770,
14.91,-0.03,4780,
14.92,-0.03,4800,
14.93,-0.03,4810,
14.94,-0.03,4820,
14.95,-0.03,4830,
14.96,-0.03,4840,
14.97,-0.03,4850,
14.98,-0.03,4860,
14.99,-0.03,4870,
15,-0.03,4880,
15.01,-0.03,4890,
15.02,-0.03,4900,
15.03,-0.03,4910,
15.04,-0.03,4920,
15.05,-0.03,4930,
15.06,-0.03,4940,
15.07,-0.03,4950,
15.08,-0.03,4960,
15.09,-0.03,4980,
15.1,-0.03,4990,
15.11,-0.03,5000,
15.12,-0.03,5010,
15.13,-0.03,5020,
15.14,-0.03,5030,
15.15,-0.03,5040,
15.16,-0.03,5050,
15.17,-0.03,5060,
15.18,-0.03,5070,
15.19,-0.03,5080,
15.2,-0.03,5090,
15.21,-0.03,5110,
15.22,-0.03,5120,
15.23,-0.03,5130,
15.24,-0.03,5140,
15.25,-0.03,5150,
15.26,-0.03,5160,
15.27,-0.03,5170,
15.28,-0.03,5180,
15.29,-0.03,5190,
15.3,-0.02,5210,
15.31,-0.02,5230,
15.32,-0.02,5240,
15.33,-0.02,5250,
15.34,-0.02,5260,
15.35,-0.02,5270,
15.36,-0.02,5280,
15.37,-0.02,5290,
15.38,-0.02,5300,
15.39,-0.02,5310,
15.4,-0.02,5330,
15.41,-0.02,5340,
15.42,-0.02,5350,
15.43,-0.02,5360,
15.44,-0.02,5370,
15.45,-0.02,5380,
15.46,-0.02,5390,
15.47,-0.02,5400,
15.48,-0.02,5410,
15.49,-0.02,5430,
15.5,-0.02,5440,
15.51,-0.02,5450,
15.52,-0.02,5460,
15.53,-0.02,5470,
15.54,-0.02,5480,
15.55,-0.02,5490,
15.56,-0.02,5510,
15.57,-0.02,5520,
15.58,-0.02,5530,
15.59,-0.02,5540,
15.6,-0.02,5550,
15.61,-0.02,5560,
15.62,-0.02,5570,
15.63,-0.02,5590,
15.64,-0.02,5600,
15.65,-0.02,5610,
15.66,-0.02,5620,
15.67,-0.02,5630,
15.68,-0.02,5640,
15.69,-0.02,5650,
15.7,-0.02,5670,
15.71,-0.02,5680,
15.72,-0.02,5690,
15.73,-0.02,5700,
15.74,-0.02,5710,
15.75,-0.02,5720,
15.76,-0.02,5740,
15.77,-0.02,5750,
15.78,-0.02,5760,
15.79,-0.02,5770,
15.8,-0.02,5780,
15.81,-0.02,5790,
15.82,-0.02,5810,
15.83,-0.02,5820,
15.84,-0.02,5830,
15.85,-0.02,5840,
15.86,-0.02,5850,
15.87,-0.02,5860,
15.88,-0.02,5880,
15.89,-0.02,5890,
15.9,-0.02,5900,
15.91,-0.01,5920,
15.92,-0.01,5930,
15.93,-0.01,5950,
15.94,-0.01,5960,
15.95,-0.01,5970,
15.96,-0.01,5980,
15.97,-0.01,5990,
15.98,-0.01,6010,
15.99,-0.01,6020,
16,-0.01,6030,
16.01,-0.01,6040,
16.02,-0.01,6050,
16.03,-0.01,6070,
16.04,-0.01,6080,
16.05,-0.01,6090,
16.06,-0.01,6100,
16.07,-0.01,6110,
16.08,-0.01,6130,
16.09,-0.01,6140,
16.1,-0.01,6150,
16.11,-0.01,6160,
16.12,-0.01,6170,
16.13,-0.01,6190,
16.14,-0.01,6200,
16.15,-0.01,6210,
16.16,-0.01,6220,
16.17,-0.01,6230,
16.18,-0.01,6250,
16.19,-0.01,6260,
16.2,-0.01,6270,
16.21,-0.01,6280,
16.22,-0.01,6300,
16.23,-0.01,6310,
16.24,-0.01,6320,
16.25,-0.01,6330,
16.26,-0.01,6350,
16.27,-0.01,6360,
16.28,-0.01,6370,
16.29,-0.01,6380,
16.3,-0.01,6390,
16.31,-0.01,6410,
16.32,-0.01,6420,
16.33,-0.01,6430,
16.34,-0.01,6440,
16.35,-0.01,6460,
16.36,-0.01,6470,
16.37,-0.01,6480,
16.38,-0.01,6490,
16.39,-0.01,6510,
16.4,-0.01,6520,
16.41,-0.01,6530,
16.42,-0.01,6540,
16.43,-0.01,6560,
16.44,-0.01,6570,
16.45,-0.01,6580,
16.46,-0.01,6590,
16.47,-0.01,6610,
16.48,-0.01,6620,
16.49,-0.01,6630,
16.5,-0.01,6640,
16.51,0,6670,
16.52,0,6680,
16.53,0,6690,
16.54,0,6710,
16.55,0,6720,
16.56,0,6730,
16.57,0,6750,
16.58,0,6760,
16.59,0,6770,
16.6,0,6780,
16.61,0,6800,
16.62,0,6810,
16.63,0,6820,
16.64,0,6840,
16.65,0,6850,
16.66,0,6860,
16.67,0,6870,
16.68,0,6890,
16.69,0,6900,
16.7,0,6910,
16.71,0,6930,
16.72,0,6940,
16.73,0,6950,
16.74,0,6960,
16.75,0,6980,
16.76,0,6990,
16.77,0,7000,
16.78,0,7020,
16.79,0,7030,
16.8,0,7040,
16.81,0,7060,
16.82,0,7070,
16.83,0,7080,
16.84,0,7090,
16.85,0,7110,
16.86,0,7120,
16.87,0,7130,
16.88,0,7150,
16.89,0,7160,
16.9,0,7170,
16.91,0,7190,
16.92,0,7200,
16.93,0,7210,
16.94,0,7230,
16.95,0,7240,
16.96,0,7250,
16.97,0,7270,
16.98,0,7280,
16.99,0,7290,
17,0,7310,
17.01,0,7320,
17.02,0,7330,
17.03,0,7350,
17.04,0,7360,
17.05,0,7370,
17.06,0,7390,
17.07,0,7400,
17.08,0,7410,
17.09,0,7430,
17.1,0,7440,
17.11,0,7450,
17.12,0,7470,
17.13,0,7480,
17.14,0,7490,
17.15,0,7510,
17.16,0,7520,
17.17,0,7530,
17.18,0,7550,
17.19,0,7560,
17.2,0,7570,
17.21,0,7590,
17.22,0,7600,
17.23,0,7620,
17.24,0,7630,
17.25,0,7640,
17.26,0,7660,
17.27,0,7670,
17.28,0,7680,
17.29,0,7700,
17.3,0,7710,
17.31,0,7730,
17.32,0,7740,
17.33,0,7750,
17.34,0,7770,
17.35,0,7780,
17.36,0,7790,
17.37,0,7810,
17.38,0,7820,
17.39,0,7840,
17.4,0,7850,
17.41,0,7860,
17.42,0,7880,
17.43,0,7890,
17.44,0,7910,
17.45,0,7920,
17.46,0,7930,
17.47,0,7950,
17.48,0,7960,
17.49,0,7970,
17.5,0,7990,
17.51,0,8000,
17.52,0,8020,
17.53,0,8030,
17.54,0,8050,
17.55,0,8060,
17.56,0,8070,
17.57,0,8090,
17.58,0,8100,
17.59,0,8120,
17.6,0,8130,
17.61,0,8140,
17.62,0,8160,
17.63,0,8170,
17.64,0,8190,
17.65,0,8200,
17.66,0,8210,
17.67,0,8230,
17.68,0,8240,
17.69,0,8260,
17.7,0,8270,
17.71,0,8290,
17.72,0,8300,
17.73,0,8310,
17.74,0,8330,
17.75,0,8340,
17.76,0,8360,
17.77,0,8370,
17.78,0,8390,
17.79,0,8400,
17.8,0,8420,
17.81,0,8430,
17.82,0,8440,
17.83,0,8460,
17.84,0,8470,
17.85,0,8490,
17.86,0,8500,
17.87,0,8520,
17.88,0,8530,
17.89,0,8550,
17.9,0,8560,
17.91,0,8580,
17.92,0,8590,
17.93,0,8600,
17.94,0,8620,
17.95,0,8630,
17.96,0,8650,
17.97,0,8660,
17.98,0,8680,
17.99,0,8690,
18,0,8710,
18.01,0,8720,
18.02,0,8740,
18.03,0,8750,
18.04,0,8770,
18.05,0,8780,
18.06,0,8800,
18.07,0,8810,
18.08,0,8820,
18.09,0,8840,
18.1,0,8850,
18.11,0,8870,
18.12,0,8880,
18.13,0,8900,
18.14,0,8910,
18.15,0,8930,
18.16,0,8940,
18.17,0,8960,
18.18,0,8970,
18.19,0,8990,
18.2,0,9000,
18.21,0,9020,
18.22,0,9030,
18.23,0,9050,
18.24,0,9060,
18.25,0,9080,
18.26,0,9090,
18.27,0,9110,
18.28,0,9120,
18.29,0,9140,
18.3,0,9150,
18.31,0,9170,
18.32,0,9180,
18.33,0,9200,
18.34,0,9220,
18.35,0,9230,
18.36,0,9250,
18.37,0,9260,
18.38,0,9280,
18.39,0,9290,
18.4,0,9310,
18.41,0,9320,
18.42,0,9340,
18.43,0,9350,
18.44,0,9370,
18.45,0,9380,
18.46,0,9400,
18.47,0,9410,
18.48,0,9430,
18.49,0,9440,
18.5,0,9460,
18.51,0,9480,
18.52,0,9490,
18.53,0,9510,
18.54,0,9520,
18.55,0,9540,
18.56,0,9550,
18.57,0,9570,
18.58,0,9580,
18.59,0,9600,
18.6,0,9610,
18.61,0,9630,
18.62,0,9650,
18.63,0,9660,
18.64,0,9680,
18.65,0,9690,
18.66,0,9710,
18.67,0,9720,
18.68,0,9740,
18.69,0,9760,
18.7,0,9770,
18.71,0,9790,
18.72,0,9800,
18.73,0,9820,
18.74,0,9830,
18.75,0,9850,
18.76,0,9870,
18.77,0,9880,
18.78,0,9900,
18.79,0,9910,
18.8,0,9930,
18.81,0,9940,
18.82,0,9960,
18.83,0,9980,
18.84,0,9990,
18.85,0,10000,
18.86,0,10000,
18.87,0,10000,
18.88,0,10100,
18.89,0,10100,
18.9,0,10100,
18.91,0,10100,
18.92,0,10100,
18.93,0,10100,
18.94,0,10200,
18.95,0,10200,
18.96,0,10200,
18.97,0,10200,*
18.98,0,10200,
18.99,0,10200,
19,0,10200,
19.01,0,10300,
19.02,0,10300,
19.03,0,10300,
19.04,0,10300,
19.05,0,10300,
19.06,0,10300,
19.07,0,10400,
19.08,0,10400,
19.09,0,10400,
19.1,0,10400,
19.11,0,10400,
19.12,0,10400,
19.13,0,10400,
19.14,0,10500,
19.15,0,10500,
19.16,0,10500,
19.17,0,10500,
19.18,0,10500,
19.19,0,10500,
19.2,0,10600,
19.21,0,10600,
19.22,0,10600,
19.23,0,10600,
19.24,0,10600,
19.25,0,10600,
19.26,0,10700,
19.27,0,10700,
19.28,0,10700,
19.29,0,10700,
19.3,0,10700,
19.31,0,10700,
19.32,0,10800,
19.33,0,10800,
19.34,0,10800,
19.35,0,10800,
19.36,0,10800,
19.37,0,10800,
19.38,0,10800,
19.39,0,10900,
19.4,0,10900,
19.41,0,10900,
19.42,0,10900,
19.43,0,10900,
19.44,0,10900,
19.45,0,11000,
19.46,0,11000,
19.47,0,11000,
19.48,0,11000,
19.49,0,11000,
19.5,0,11000,
19.51,0,11100,
19.52,0,11100,
19.53,0,11100,
19.54,0,11100,
19.55,0,11100,
19.56,0,11100,
19.57,0,11200,
19.58,0,11200,
19.59,0,11200,
19.6,0,11200,
19.61,0,11200,
19.62,0,11200,
19.63,0,11300,
19.64,0,11300,
19.65,0,11300,
19.66,0,11300,
19.67,0,11300,
19.68,0,11300,
19.69,0,11400,
19.7,0,11400,
19.71,0,11400,
19.72,0,11400,
19.73,0,11400,
19.74,0,11400,
19.75,0,11400,
19.76,0,11500,
19.77,0,11500,
19.78,0,11500,
19.79,0,11500,
19.8,0,11500,
19.81,0,11500,
19.82,0,11600,
19.83,0,11600,
19.84,0,11600,
19.85,0,11600,
19.86,0,11600,
19.87,0,11600,
19.88,0,11700,
19.89,0,11700,
19.9,0,11700,
19.91,0,11700,
19.92,0,11700,
19.93,0,11700,
19.94,0,11800,
19.95,0,11800,
19.96,0,11800,
19.97,0,11800,
19.98,0,11800,
19.99,0,11800,
20,0,11900,
20.01,0,11900,
20.02,0,11900,
20.03,0,11900,
20.04,0,11900,
20.05,0,12000,
20.06,0,12000,
20.07,0,12000,
20.08,0,12000,
20.09,0,12000,
20.1,0,12000,
20.11,0,12100,
20.12,0,12100,
20.13,0,12100,
20.14,0,12100,
20.15,0,12100,
20.16,0,12100,
20.17,0,12200,
20.18,0,12200,
20.19,0,12200,
20.2,0,12200,
20.21,0,12200,
20.22,0,12200,
20.23,0,12300,
20.24,0,12300,
20.25,0,12300,
20.26,0,12300,
20.27,0,12300,
20.28,0,12300,
20.29,0,12400,
20.3,0,12400,
20.31,0,12400,
20.32,0,12400,
20.33,0,12400,
20.34,0,12400,
20.35,0,12500,
20.36,0,12500,
20.37,0,12500,
20.38,0,12500,
20.39,0,12500,
20.4,0,12600,
20.41,0,12600,
20.42,0,12600,
20.43,0,12600,
20.44,0,12600,
20.45,0,12600,
20.46,0,12700,
20.47,0,12700,
20.48,0,12700,
20.49,0,12700,
20.5,0,12700,
20.51,0,12700,
20.52,0,12800,
20.53,0,12800,
20.54,0,12800,
20.55,0,12800,
20.56,0,12800,
20.57,0,12800,
20.58,0,12900,
20.59,0,12900,
20.6,0,12900,
20.61,0,12900,
20.62,0,12900,
20.63,0,13000,
20.64,0,13000,
20.65,0,13000,
20.66,0,13000,
20.67,0,13000,
20.68,0,13000,
20.69,0,13100,
20.7,0,13100,
20.71,0,13100,
20.72,0,13100,
20.73,0,13100,
20.74,0,13100,
20.75,0,13200,
20.76,0,13200,
20.77,0,13200,
20.78,0,13200,
20.79,0,13200,
20.8,0,13300,
20.81,0,13300,
20.82,0,13300,
20.83,0,13300,
20.84,0,13300,
20.85,0,13300,
20.86,0,13400,
20.87,0,13400,
20.88,0,13400,
20.89,0,13400,
20.9,0,13400,
20.91,0,13500,
20.92,0,13500,
20.93,0,13500,
20.94,0,13500,
20.95,0,13500,
20.96,0,13500,
20.97,0,13600,
20.98,0,13600,
20.99,0,13600,
21,0,13600,
21.01,0,13600,
21.02,0,13700,
21.03,0,13700,
21.04,0,13700,
21.05,0,13700,
21.06,0,13700,
21.07,0,13700,
21.08,0,13800,
21.09,0,13800,
21.1,0,13800,
21.11,0,13800,
21.12,0,13800,
21.13,0,13900,
21.14,0,13900,
21.15,0,13900,
21.16,0,13900,
21.17,0,13900,
21.18,0,13900,
21.19,0,14000,
21.2,0,14000,
21.21,0,14000,
21.22,0,14000,
21.23,0,14000,
21.24,0,14100,
21.25,0,14100,
21.26,0,14100,
21.27,0,14100,
21.28,0,14100,
21.29,0,14200,
21.3,0,14200,
21.31,0,14200,
21.32,0,14200,
21.33,0,14200,
21.34,0,14200,
21.35,0,14300,
21.36,0,14300,
21.37,0,14300,
21.38,0,14300,
21.39,0,14300,
21.4,0,14400,
21.41,0,14400,
21.42,0,14400,
21.43,0,14400,
21.44,0,14400,
21.45,0,14400,
21.46,0,14500,
21.47,0,14500,
21.48,0,14500,
21.49,0,14500,
21.5,0,14500,
21.51,0,14600,
21.52,0,14600,
21.53,0,14600,
21.54,0,14600,
21.55,0,14600,
21.56,0,14700,
21.57,0,14700,
21.58,0,14700,
21.59,0,14700,
21.6,0,14700,
21.61,0,14800,
21.62,0,14800,
21.63,0,14800,
21.64,0,14800,
21.65,0,14800,
21.66,0,14800,
21.67,0,14900,
21.68,0,14900,
21.69,0,14900,
21.7,0,14900,
21.71,0,14900,
21.72,0,15000,
21.73,0,15000,
21.74,0,15000,
21.75,0,15000,
21.76,0,15000,
21.77,0,15100,
21.78,0,15100,
21.79,0,15100,
21.8,0,15100,
21.81,0,15100,
21.82,0,15200,
21.83,0,15200,
21.84,0,15200,
21.85,0,15200,
21.86,0,15200,
21.87,0,15200,
21.88,0,15300,
21.89,0,15300,
21.9,0,15300,
21.91,0,15300,
21.92,0,15300,
21.93,0,15400,
21.94,0,15400,
21.95,0,15400,
21.96,0,15400,
21.97,0,15400,
21.98,0,15500,
21.99,0,15500,
22,0,15500,
22.01,0,15500,
22.02,0,15500,
22.03,0,15600,
22.04,0,15600,
22.05,0,15600,
22.06,0,15600,
22.07,0,15600,
22.08,0,15700,
22.09,0,15700,
22.1,0,15700,
22.11,0,15700,
22.12,0,15700,
22.13,0,15800,
22.14,0,15800,
22.15,0,15800,
22.16,0,15800,
22.17,0,15800,
22.18,0,15900,
22.19,0,15900,
22.2,0,15900,
22.21,0,15900,
22.22,0,15900,
22.23,0,16000,
22.24,0,16000,
22.25,0,16000,
22.26,0,16000,
22.27,0,16000,
22.28,0,16100,
22.29,0,16100,
22.3,0,16100,
22.31,0,16100,
22.32,0,16100,
22.33,0,16200,
22.34,0,16200,
22.35,0,16200,
22.36,0,16200,
22.37,0,16200,
22.38,0,16300,
22.39,0,16300,
22.4,0,16300,
22.41,0,16300,
22.42,0,16300,
22.43,0,16400,
22.44,0,16400,
22.45,0,16400,
22.46,0,16400,
22.47,0,16400,
22.48,0,16500,
22.49,0,16500,
22.5,0,16500,
22.51,0,16500,
22.52,0,16500,
22.53,0,16600,
22.54,0,16600,
22.55,0,16600,
22.56,0,16600,
22.57,0,16600,
22.58,0,16700,
22.59,0,16700,
22.6,0,16700,
22.61,0,16700,
22.62,0,16700,
22.63,0,16800,
22.64,0,16800,
22.65,0,16800,
22.66,0,16800,
22.67,0,16800,
22.68,0,16900,
22.69,0,16900,
22.7,0,16900,
22.71,0,16900,
22.72,0,16900,
22.73,0,17000,
22.74,0,17000,
22.75,0,17000,
22.76,0,17000,
22.77,0,17000,
22.78,0,17100,
22.79,0,17100,
22.8,0,17100,
22.81,0,17100,
22.82,0,17100,
22.83,0,17200,
22.84,0,17200,
22.85,0,17200,
22.86,0,17200,
22.87,0,17300,
22.88,0,17300,
22.89,0,17300,
22.9,0,17300,
22.91,0,17300,
22.92,0,17400,
22.93,0,17400,
22.94,0,17400,
22.95,0,17400,
22.96,0,17400,
22.97,0,17500,
22.98,0,17500,
22.99,0,17500,
23,0,17500,
23.01,0,17500,
23.02,0,17600,
23.03,0,17600,
23.04,0,17600,
23.05,0,17600,
23.06,0,17600,
23.07,0,17700,
23.08,0,17700,
23.09,0,17700,
23.1,0,17700,
23.11,0,17800,
23.12,0,17800,
23.13,0,17800,
23.14,0,17800,
23.15,0,17800,
23.16,0,17900,
23.17,0,17900,
23.18,0,17900,
23.19,0,17900,
23.2,0,17900,
23.21,0,18000,
23.22,0,18000,
23.23,0,18000,
23.24,0,18000,
23.25,0,18000,
23.26,0,18100,
23.27,0,18100,
23.28,0,18100,
23.29,0,18100,
23.3,0,18200,
23.31,0,18200,
23.32,0,18200,
23.33,0,18200,
23.34,0,18200,
23.35,0,18300,
23.36,0,18300,
23.37,0,18300,
23.38,0,18300,
23.39,0,18300,
23.4,0,18400,
23.41,0,18400,
23.42,0,18400,
23.43,0,18400,
23.44,0,18500,
23.45,0,18500,
23.46,0,18500,
23.47,0,18500,
23.48,0,18500,
23.49,0,18600,
23.5,0,18600,
23.51,0,18600,
23.52,0,18600,
23.53,0,18600,
23.54,0,18700,
23.55,0,18700,
23.56,0,18700,
23.57,0,18700,
23.58,0,18800,
23.59,0,18800,
23.6,0,18800,
23.61,0,18800,
23.62,0,18800,
23.63,0,18900,
23.64,0,18900,
23.65,0,18900,
23.66,0,18900,
23.67,0,19000,
23.68,0,19000,
23.69,0,19000,
23.7,0,19000,
23.71,0,19000,
23.72,0,19100,
23.73,0,19100,
23.74,0,19100,
23.75,0,19100,
23.76,0,19100,
23.77,0,19200,
23.78,0,19200,
23.79,0,19200,
23.8,0,19200,
23.81,0,19300,
23.82,0,19300,
23.83,0,19300,
23.84,0,19300,
23.85,0,19300,
23.86,0,19400,
23.87,0,19400,
23.88,0,19400,
23.89,0,19400,
23.9,0,19500,
23.91,0,19500,
23.92,0,19500,
23.93,0,19500,
23.94,0,19500,
23.95,0,19600,
23.96,0,19600,
23.97,0,19600,
23.98,0,19600,
23.99,0,19700,
24,0,19700,
24.01,0,19700,
24.02,0,19700,
24.03,0,19700,
24.04,0,19800,
24.05,0,19800,
24.06,0,19800,
24.07,0,19800,
24.08,0,19900,
24.09,0,19900,
24.1,0,19900,*
24.11,0,19900,
24.12,0,19900,
24.13,0,20000,
24.14,0,20000,
24.15,0,20000,
24.16,0,20000,
24.17,0,20100,
24.18,0,20100,
24.19,0,20100,
24.2,0,20100,
24.21,0,20100,
24.22,0,20200,
24.23,0,20200,
24.24,0,20200,
24.25,0,20200,
24.26,0,20300,
24.27,0,20300,
24.28,0,20300,
24.29,0,20300,
24.3,0,20300,
24.31,0,20400,
24.32,0,20400,
24.33,0,20400,
24.34,0,20400,
24.35,0,20500,
24.36,0,20500,
24.37,0,20500,
24.38,0,20500,
24.39,0,20600,
24.4,0,20600,
24.41,0,20600,
24.42,0,20600,
24.43,0,20600,
24.44,0,20700,
24.45,0,20700,
24.46,0,20700,
24.47,0,20700,
24.48,0,20800,
24.49,0,20800,
24.5,0,20800,
24.51,0,20800,
24.52,0,20800,
24.53,0,20900,
24.54,0,20900,
24.55,0,20900,
24.56,0,20900,
24.57,0,21000,
24.58,0,21000,
24.59,0,21000,
24.6,0,21000,
24.61,0,21100,
24.62,0,21100,
24.63,0,21100,
24.64,0,21100,
24.65,0,21100,
24.66,0,21200,
24.67,0,21200,
24.68,0,21200,
24.69,0,21200,
24.7,0,21300,
24.71,0,21300,
24.72,0,21300,
24.73,0,21300,
24.74,0,21400,
24.75,0,21400,
24.76,0,21400,
24.77,0,21400,
24.78,0,21500,
24.79,0,21500,
24.8,0,21500,
24.81,0,21500,
24.82,0,21500,
24.83,0,21600,
24.84,0,21600,
24.85,0,21600,
24.86,0,21600,
24.87,0,21700,
24.88,0,21700,
24.89,0,21700,
24.9,0,21700,
24.91,0,21800,
24.92,0,21800,
24.93,0,21800,
24.94,0,21800,
24.95,0,21800,
24.96,0,21900,
24.97,0,21900,
24.98,0,21900,
24.99,0,21900,
25,0,22000,
25.01,0,22000,
25.02,0,22000,
25.03,0,22000,
25.04,0,22100,
25.05,0,22100,
25.06,0,22100,
25.07,0,22100,
25.08,0,22200,
25.09,0,22200,
25.1,0,22200,
25.11,0,22200,
25.12,0,22200,
25.13,0,22300,
25.14,0,22300,
25.15,0,22300,
25.16,0,22300,
25.17,0,22400,
25.18,0,22400,
25.19,0,22400,
25.2,0,22400,
25.21,0,22500,
25.22,0,22500,
25.23,0,22500,
25.24,0,22500,
25.25,0,22600,
25.26,0,22600,
25.27,0,22600,
25.28,0,22600,
25.29,0,22700,
25.3,0,22700,
25.31,0,22700,
25.32,0,22700,
25.33,0,22800,
25.34,0,22800,
25.35,0,22800,
25.36,0,22800,
25.37,0,22800,
25.38,0,22900,
25.39,0,22900,
25.4,0,22900,
25.41,0,22900,
25.42,0,23000,
25.43,0,23000,
25.44,0,23000,
25.45,0,23000,
25.46,0,23100,
25.47,0,23100,
25.48,0,23100,
25.49,0,23100,
25.5,0,23200,
25.51,0,23200,
25.52,0,23200,
25.53,0,23200,
25.54,0,23300,
25.55,0,23300,
25.56,0,23300,
25.57,0,23300,
25.58,0,23400,
25.59,0,23400,
25.6,0,23400,
25.61,0,23400,
25.62,0,23500,
25.63,0,23500,
25.64,0,23500,
25.65,0,23500,
25.66,0,23600,
25.67,0,23600,
25.68,0,23600,
25.69,0,23600,
25.7,0,23600,
25.71,0,23700,
25.72,0,23700,
25.73,0,23700,
25.74,0,23700,
25.75,0,23800,
25.76,0,23800,
25.77,0,23800,
25.78,0,23800,
25.79,0,23900,
25.8,0,23900,
25.81,0,23900,
25.82,0,23900,
25.83,0,24000,
25.84,0,24000,
25.85,0,24000,
25.86,0,24000,
25.87,0,24100,
25.88,0,24100,
25.89,0,24100,
25.9,0,24100,
25.91,0,24200,
25.92,0,24200,
25.93,0,24200,
25.94,0,24200,
25.95,0,24300,
25.96,0,24300,
25.97,0,24300,
25.98,0,24300,
25.99,0,24400,
26,0,24400,
26.01,0,24400,
26.02,0,24400,
26.03,0,24500,
26.04,0,24500,
26.05,0,24500,
26.06,0,24500,
26.07,0,24600,
26.08,0,24600,
26.09,0,24600,
26.1,0,24600,
26.11,0,24700,
26.12,0,24700,
26.13,0,24700,
26.14,0,24700,
26.15,0,24800,
26.16,0,24800,
26.17,0,24800,
26.18,0,24800,
26.19,0,24900,
26.2,0,24900,
26.21,0,24900,
26.22,0,24900,
26.23,0,25000,
26.24,0,25000,
26.25,0,25000,
26.26,0,25000,
26.27,0,25100,
26.28,0,25100,
26.29,0,25100,
26.3,0,25100,
26.31,0,25200,
26.32,0,25200,
26.33,0,25200,
26.34,0,25200,
26.35,0,25300,
26.36,0,25300,
26.37,0,25300,
26.38,0,25400,
26.39,0,25400,
26.4,0,25400,
26.41,0,25400,
26.42,0,25500,
26.43,0,25500,
26.44,0,25500,
26.45,0,25500,
26.46,0,25600,
26.47,0,25600,
26.48,0,25600,
26.49,0,25600,
26.5,0,25700,
26.51,0,25700,
26.52,0,25700,
26.53,0,25700,
26.54,0,25800,
26.55,0,25800,
26.56,0,25800,
26.57,0,25800,
26.58,0,25900,
26.59,0,25900,
26.6,0,25900,
26.61,0,25900,
26.62,0,26000,
26.63,0,26000,
26.64,0,26000,
26.65,0,26000,
26.66,0,26100,
26.67,0,26100,
26.68,0,26100,
26.69,0,26100,
26.7,0,26200,
26.71,0,26200,
26.72,0,26200,
26.73,0,26300,
26.74,0,26300,
26.75,0,26300,
26.76,0,26300,
26.77,0,26400,
26.78,0,26400,
26.79,0,26400,
26.8,0,26400,
26.81,0,26500,
26.82,0,26500,
26.83,0,26500,
26.84,0,26500,
26.85,0,26600,
26.86,0,26600,
26.87,0,26600,
26.88,0,26600,
26.89,0,26700,
26.9,0,26700,
26.91,0,26700,
26.92,0,26700,
26.93,0,26800,
26.94,0,26800,
26.95,0,26800,
26.96,0,26900,
26.97,0,26900,
26.98,0,26900,
26.99,0,26900,
27,0,27000,
27.01,0,27000,
27.02,0,27000,
27.03,0,27000,
27.04,0,27100,
27.05,0,27100,
27.06,0,27100,
27.07,0,27100,
27.08,0,27200,
27.09,0,27200,
27.1,0,27200,
27.11,0,27200,
27.12,0,27300,
27.13,0,27300,
27.14,0,27300,
27.15,0,27400,
27.16,0,27400,
27.17,0,27400,
27.18,0,27400,
27.19,0,27500,
27.2,0,27500,
27.21,0,27500,
27.22,0,27500,
27.23,0,27600,
27.24,0,27600,
27.25,0,27600,
27.26,0,27600,
27.27,0,27700,
27.28,0,27700,
27.29,0,27700,
27.3,0,27800,
27.31,0,27800,
27.32,0,27800,
27.33,0,27800,
27.34,0,27900,
27.35,0,27900,
27.36,0,27900,
27.37,0,27900,
27.38,0,28000,
27.39,0,28000,
27.4,0,28000,
27.41,0,28100,
27.42,0,28100,
27.43,0,28100,
27.44,0,28100,
27.45,0,28200,
27.46,0,28200,
27.47,0,28200,
27.48,0,28200,
27.49,0,28300,
27.5,0,28300,
27.51,0,28300,
27.52,0,28300,
27.53,0,28400,
27.54,0,28400,
27.55,0,28400,
27.56,0,28500,
27.57,0,28500,
27.58,0,28500,
27.59,0,28500,
27.6,0,28600,
27.61,0,28600,
27.62,0,28600,
27.63,0,28600,
27.64,0,28700,
27.65,0,28700,
27.66,0,28700,
27.67,0,28800,
27.68,0,28800,
27.69,0,28800,
27.7,0,28800,
27.71,0,28900,
27.72,0,28900,
27.73,0,28900,
27.74,0,28900,
27.75,0,29000,
27.76,0,29000,
27.77,0,29000,
27.78,0,29100,
27.79,0,29100,
27.8,0,29100,
27.81,0,29100,
27.82,0,29200,
27.83,0,29200,
27.84,0,29200,
27.85,0,29300,
27.86,0,29300,
27.87,0,29300,
27.88,0,29300,
27.89,0,29400,
27.9,0,29400,
27.91,0,29400,
27.92,0,29400,
27.93,0,29500,
27.94,0,29500,
27.95,0,29500,
27.96,0,29600,
27.97,0,29600,
27.98,0,29600,
27.99,0,29600,
28,0,29700,
28.01,0,29700,
28.02,0,29700,
28.03,0,29700,
28.04,0,29800,
28.05,0,29800,
28.06,0,29800,
28.07,0,29900,
28.08,0,29900,
28.09,0,29900,
28.1,0,29900,
28.11,0,30000,
28.12,0,30000,
28.13,0,30000,
28.14,0,30100,
28.15,0,30100,
28.16,0,30100,
28.17,0,30100,
28.18,0,30200,
28.19,0,30200,
28.2,0,30200,
28.21,0,30300,
28.22,0,30300,
28.23,0,30300,
28.24,0,30300,
28.25,0,30400,
28.26,0,30400,
28.27,0,30400,
28.28,0,30400,
28.29,0,30500,
28.3,0,30500,
28.31,0,30500,
28.32,0,30600,
28.33,0,30600,
28.34,0,30600,
28.35,0,30600,
28.36,0,30700,
28.37,0,30700,
28.38,0,30700,
28.39,0,30800,
28.4,0,30800,
28.41,0,30800,
28.42,0,30800,
28.43,0,30900,
28.44,0,30900,
28.45,0,30900,
28.46,0,31000,
28.47,0,31000,
28.48,0,31000,
28.49,0,31000,
28.5,0,31100,
28.51,0,31100,
28.52,0,31100,
28.53,0,31200,
28.54,0,31200,
28.55,0,31200,
28.56,0,31200,
28.57,0,31300,
28.58,0,31300,
28.59,0,31300,
28.6,0,31400,
28.61,0,31400,
28.62,0,31400,
28.63,0,31400,
28.64,0,31500,
28.65,0,31500,
28.66,0,31500,
28.67,0,31600,
28.68,0,31600,
28.69,0,31600,
28.7,0,31600,
28.71,0,31700,
28.72,0,31700,
28.73,0,31700,
28.74,0,31800,
28.75,0,31800,
28.76,0,31800,
28.77,0,31800,
28.78,0,31900,
28.79,0,31900,
28.8,0,31900,
28.81,0,32000,
28.82,0,32000,
28.83,0,32000,
28.84,0,32100,
28.85,0,32100,
28.86,0,32100,
28.87,0,32100,
28.88,0,32200,
28.89,0,32200,
28.9,0,32200,
28.91,0,32300,
28.92,0,32300,
28.93,0,32300,
28.94,0,32300,
28.95,0,32400,
28.96,0,32400,
28.97,0,32400,
28.98,0,32500,
28.99,0,32500,
29,0,32500,
29.01,0,32500,
29.02,0,32600,
29.03,0,32600,
29.04,0,32600,
29.05,0,32700,
29.06,0,32700,
29.07,0,32700,
29.08,0,32800,
29.09,0,32800,
29.1,0,32800,
29.11,0,32800,
29.12,0,32900,
29.13,0,32900,
29.14,0,32900,
29.15,0,33000,
29.16,0,33000,
29.17,0,33000,
29.18,0,33000,
29.19,0,33100,
29.2,0,33100,
29.21,0,33100,
29.22,0,33200,
29.23,0,33200,
29.24,0,33200,
29.25,0,33300,
29.26,0,33300,
29.27,0,33300,
29.28,0,33300,
29.29,0,33400,
29.3,0,33400,
29.31,0,33400,
29.32,0,33500,
29.33,0,33500,
29.34,0,33500,
29.35,0,33500,
29.36,0,33600,
29.37,0,33600,
29.38,0,33600,
29.39,0,33700,
29.4,0,33700,
29.41,0,33700,
29.42,0,33800,
29.43,0,33800,
29.44,0,33800,
29.45,0,33800,
29.46,0,33900,
29.47,0,33900,
29.48,0,33900,
29.49,0,34000,
29.5,0,34000,
29.51,0,34000,
29.52,0,34100,
29.53,0,34100,
29.54,0,34100,
29.55,0,34100,
29.56,0,34200,
29.57,0,34200,
29.58,0,34200,
29.59,0,34300,
29.6,0,34300,
29.61,0,34300,
29.62,0,34400,
29.63,0,34400,
29.64,0,34400,
29.65,0,34400,
29.66,0,34500,
29.67,0,34500,
29.68,0,34500,
29.69,0,34600,
29.7,0,34600,
29.71,0,34600,
29.72,0,34700,
29.73,0,34700,
29.74,0,34700,
29.75,0,34700,
29.76,0,34800,
29.77,0,34800,
29.78,0,34800,
29.79,0,34900,
29.8,0,34900,
29.81,0,34900,
29.82,0,35000,
29.83,0,35000,
29.84,0,35000,
29.85,0,35100,
29.86,0,35100,
29.87,0,35100,
29.88,0,35100,
29.89,0,35200,
29.9,0,35200,
29.91,0,35200,
29.92,0,35300,
29.93,0,35300,
29.94,0,35300,
29.95,0,35400,
29.96,0,35400,
29.97,0,35400,
29.98,0,35400,
29.99,0,35500,
30,0,35500,
30.01,0,35500,
30.02,0,35600,
30.03,0,35600,
30.04,0,35600,
30.05,0,35700,
30.06,0,35700,
30.07,0,35700,
30.08,0,35800,
30.09,0,35800,
30.1,0,35800,
30.11,0,35800,
30.12,0,35900,
30.13,0,35900,
30.14,0,35900,
30.15,0,36000,
30.16,0,36000,
30.17,0,36000,
30.18,0,36100,
30.19,0,36100,
30.2,0,36100,
30.21,0,36200,
30.22,0,36200,
30.23,0,36200,
30.24,0,36300,
30.25,0,36300,
30.26,0,36300,
30.27,0,36300,
30.28,0,36400,
30.29,0,36400,
30.3,0,36400,
30.31,0,36500,
30.32,0,36500,
30.33,0,36500,
30.34,0,36600,
30.35,0,36600,
30.36,0,36600,
30.37,0,36700,
30.38,0,36700,
30.39,0,36700,
30.4,0,36700,
30.41,0,36800,
30.42,0,36800,
30.43,0,36800,
30.44,0,36900,
30.45,0,36900,
30.46,0,36900,
30.47,0,37000,
30.48,0,37000,
30.49,0,37000,
30.5,0,37100,
30.51,0,37100,
30.52,0,37100,
30.53,0,37200,
30.54,0,37200,
30.55,0,37200,
30.56,0,37300,
30.57,0,37300,
30.58,0,37300,
30.59,0,37300,
30.6,0,37400,
30.61,0,37400,
30.62,0,37400,
30.63,0,37500,
30.64,0,37500,
30.65,0,37500,
30.66,0,37600,
30.67,0,37600,
30.68,0,37600,
30.69,0,37700,
30.7,0,37700,
30.71,0,37700,
30.72,0,37800,
30.73,0,37800,
30.74,0,37800,
30.75,0,37900,
30.76,0,37900,
30.77,0,37900,
30.78,0,37900,
30.79,0,38000,
30.8,0,38000,
30.81,0,38000,
30.82,0,38100,
30.83,0,38100,
30.84,0,38100,
30.85,0,38200,
30.86,0,38200,
30.87,0,38200,
30.88,0,38300,
30.89,0,38300,
30.9,0,38300,
30.91,0,38400,
30.92,0,38400,
30.93,0,38400,
30.94,0,38500,
30.95,0,38500,
30.96,0,38500,
30.97,0,38600,
30.98,0,38600,
30.99,0,38600,
31,0,38600,
31.01,0,38700,
31.02,0,38700,
31.03,0,38700,
31.04,0,38800,
31.05,0,38800,
31.06,0,38800,
31.07,0,38900,
31.08,0,38900,
31.09,0,38900,
31.1,0,39000,
31.11,0,39000,
31.12,0,39000,
31.13,0,39100,
31.14,0,39100,
31.15,0,39100,
31.16,0,39200,
31.17,0,39200,
31.18,0,39200,
31.19,0,39300,
31.2,0,39300,
31.21,0,39300,
31.22,0,39400,
31.23,0,39400,
31.24,0,39400,
31.25,0,39500,
31.26,0,39500,
31.27,0,39500,
31.28,0,39600,
31.29,0,39600,
31.3,0,39600,
31.31,0,39700,
31.32,0,39700,
31.33,0,39700,
31.34,0,39700,
31.35,0,39800,
31.36,0,39800,
31.37,0,39800,
31.38,0,39900,
31.39,0,39900,
31.4,0,39900,
31.41,0,40000,
31.42,0,40000,
31.43,0,40000,
31.44,0,40100,
31.45,0,40100,
31.46,0,40100,
31.47,0,40200,
31.48,0,40200,
31.49,0,40200,
31.5,0,40300,
31.51,0,40300,
31.52,0,40300,
31.53,0,40400,
31.54,0,40400,
31.55,0,40400,
31.56,0,40500,
31.57,0,40500,
31.58,0,40500,
31.59,0,40600,
31.6,0,40600,
31.61,0,40600,
31.62,0,40700,
31.63,0,40700,
31.64,0,40700,
31.65,0,40800,
31.66,0,40800,
31.67,0,40800,
31.68,0,40900,
31.69,0,40900,
31.7,0,40900,
31.71,0,41000,
31.72,0,41000,
31.73,0,41000,
31.74,0,41100,
31.75,0,41100,
31.76,0,41100,
31.77,0,41200,
31.78,0,41200,
31.79,0,41200,
31.8,0,41300,
31.81,0,41300,
31.82,0,41300,
31.83,0,41400,
31.84,0,41400,
31.85,0,41400,
31.86,0,41500,
31.87,0,41500,
31.88,0,41500,
31.89,0,41600,
31.9,0,41600,
31.91,0,41600,
31.92,0,41700,
31.93,0,41700,
31.94,0,41700,
31.95,0,41800,
31.96,0,41800,
31.97,0,41800,
31.98,0,41900,
31.99,0,41900,
32,0,41900,
32.01,0,42000,
32.02,0,42000,
32.03,0,42000,
32.04,0,42100,
32.05,0,42100,
32.06,0,42100,
32.07,0,42200,
32.08,0,42200,
32.09,0,42200,
32.1,0,42300,
32.11,0,42300,
32.12,0,42300,
32.13,0,42400,
32.14,0,42400,
32.15,0,42400,
32.16,0,42500,
32.17,0,42500,
32.18,0,42500,
32.19,0,42600,
32.2,0,42600,
32.21,0,42600,
32.22,0,42700,
32.23,0,42700,
32.24,0,42700,
32.25,0,42800,
32.26,0,42800,
32.27,0,42800,
32.28,0,42900,
32.29,0,42900,
32.3,0,42900,
32.31,0,43000,
32.32,0,43000,
32.33,0,43100,
32.34,0,43100,
32.35,0,43100,
32.36,0,43200,
32.37,0,43200,
32.38,0,43200,
32.39,0,43300,
32.4,0,43300,
32.41,0,43300,
32.42,0,43400,
32.43,0,43400,
32.44,0,43400,
32.45,0,43500,
32.46,0,43500,
32.47,0,43500,
32.48,0,43600,
32.49,0,43600,
32.5,0,43600,
32.51,0,43700,
32.52,0,43700,
32.53,0,43700,
32.54,0,43800,
32.55,0,43800,
32.56,0,43800,
32.57,0,43900,
32.58,0,43900,
32.59,0,43900,
32.6,0,44000,
32.61,0,44000,
32.62,0,44000,
32.63,0,44100,
32.64,0,44100,
32.65,0,44100,
32.66,0,44200,
32.67,0,44200,
32.68,0,44300,
32.69,0,44300,
32.7,0,44300,
32.71,0,44400,
32.72,0,44400,
32.73,0,44400,
32.74,0,44500,
32.75,0,44500,
32.76,0,44500,
32.77,0,44600,
32.78,0,44600,
32.79,0,44600,
32.8,0,44700,
32.81,0,44700,
32.82,0,44700,
32.83,0,44800,
32.84,0,44800,
32.85,0,44800,
32.86,0,44900,
32.87,0,44900,
32.88,0,44900,
32.89,0,45000,
32.9,0,45000,
32.91,0,45100,
32.92,0,45100,
32.93,0,45100,
32.94,0,45200,
32.95,0,45200,
32.96,0,45200,
32.97,0,45300,
32.98,0,45300,
32.99,0,45300,
33,0,45400,
33.01,0,45400,
33.02,0,45400,
33.03,0,45500,
33.04,0,45500,
33.05,0,45500,
33.06,0,45600,
33.07,0,45600,
33.08,0,45600,
33.09,0,45700,
33.1,0,45700,
33.11,0,45800,
33.12,0,45800,
33.13,0,45800,
33.14,0,45900,
33.15,0,45900,
33.16,0,45900,
33.17,0,46000,
33.18,0,46000,
33.19,0,46000,
33.2,0,46100,
33.21,0,46100,
33.22,0,46100,
33.23,0,46200,
33.24,0,46200,
33.25,0,46200,
33.26,0,46300,
33.27,0,46300,
33.28,0,46400,
33.29,0,46400,
33.3,0,46400,
33.31,0,46500,
33.32,0,46500,
33.33,0,46500,
33.34,0,46600,
33.35,0,46600,
33.36,0,46600,
33.37,0,46700,
33.38,0,46700,
33.39,0,46700,
33.4,0,46800,
33.41,0,46800,
33.42,0,46900,
33.43,0,46900,
33.44,0,46900,
33.45,0,47000,
33.46,0,47000,
33.47,0,47000,
33.48,0,47100,
33.49,0,47100,
33.5,0,47100,
33.51,0,47200,
33.52,0,47200,
33.53,0,47200,
33.54,0,47300,
33.55,0,47300,
33.56,0,47400,
33.57,0,47400,
33.58,0,47400,
33.59,0,47500,
33.6,0,47500,
33.61,0,47500,
33.62,0,47600,
33.63,0,47600,
33.64,0,47600,
33.65,0,47700,
33.66,0,47700,
33.67,0,47700,
33.68,0,47800,
33.69,0,47800,
33.7,0,47900,
33.71,0,47900,
33.72,0,47900,
33.73,0,48000,
33.74,0,48000,
33.75,0,48000,
33.76,0,48100,
33.77,0,48100,
33.78,0,48100,
33.79,0,48200,
33.8,0,48200,
33.81,0,48300,
33.82,0,48300,
33.83,0,48300,
33.84,0,48400,
33.85,0,48400,
33.86,0,48400,
33.87,0,48500,
33.88,0,48500,
33.89,0,48500,
33.9,0,48600,
33.91,0,48600,
33.92,0,48700,
33.93,0,48700,
33.94,0,48700,
33.95,0,48800,
33.96,0,48800,
33.97,0,48800,
33.98,0,48900,
33.99,0,48900,
34,0,48900,
34.01,0,49000,
34.02,0,49000,
34.03,0,49100,
34.04,0,49100,
34.05,0,49100,
34.06,0,49200,
34.07,0,49200,
34.08,0,49200,
34.09,0,49300,
34.1,0,49300,
34.11,0,49400,
34.12,0,49400,
34.13,0,49400,
34.14,0,49500,
34.15,0,49500,
34.16,0,49500,
34.17,0,49600,
34.18,0,49600,
34.19,0,49600,
34.2,0,49700,
34.21,0,49700,
34.22,0,49800,
34.23,0,49800,
34.24,0,49800,
34.25,0,49900,
34.26,0,49900,
34.27,0,49900,
34.28,0,50000,
34.29,0,50000,
34.3,0,50100,
34.31,0,50100,
34.32,0,50100,
34.33,0,50200,
34.34,0,50200,
34.35,0,50200,
34.36,0,50300,
34.37,0,50300,
34.38,0,50300,
34.39,0,50400,
34.4,0,50400,
34.41,0,50500,
34.42,0,50500,
34.43,0,50500,
34.44,0,50600,
34.45,0,50600,
34.46,0,50600,
34.47,0,50700,
34.48,0,50700,
34.49,0,50800,
34.5,0,50800,
34.51,0,50800,
34.52,0,50900,
34.53,0,50900,
34.54,0,50900,
34.55,0,51000,
34.56,0,51000,
34.57,0,51100,
34.58,0,51100,
34.59,0,51100,
34.6,0,51200,
34.61,0,51200,
34.62,0,51200,
34.63,0,51300,
34.64,0,51300,
34.65,0,51400,
34.66,0,51400,
34.67,0,51400,
34.68,0,51500,
34.69,0,51500,
34.7,0,51500,
34.71,0,51600,
34.72,0,51600,
34.73,0,51700,
34.74,0,51700,
34.75,0,51700,
34.76,0,51800,
34.77,0,51800,
34.78,0,51800,
34.79,0,51900,
34.8,0,51900,
34.81,0,52000,
34.82,0,52000,
34.83,0,52000,
34.84,0,52100,
34.85,0,52100,
34.86,0,52100,
34.87,0,52200,
34.88,0,52200,
34.89,0,52300,
34.9,0,52300,
34.91,0,52300,
34.92,0,52400,
34.93,0,52400,
34.94,0,52500,
34.95,0,52500,
34.96,0,52500,
34.97,0,52600,
34.98,0,52600,
34.99,0,52600,
35,0,52700,
35.01,0,52700,
35.02,0,52800,
35.03,0,52800,
35.04,0,52800,
35.05,0,52900,
35.06,0,52900,
35.07,0,52900,
35.08,0,53000,
35.09,0,53000,
35.1,0,53100,
35.11,0,53100,
35.12,0,53100,
35.13,0,53200,
35.14,0,53200,
35.15,0,53300,
35.16,0,53300,
35.17,0,53300,
35.18,0,53400,
35.19,0,53400,
35.2,0,53400,
35.21,0,53500,
35.22,0,53500,
35.23,0,53600,
35.24,0,53600,
35.25,0,53600,
35.26,0,53700,
35.27,0,53700,
35.28,0,53700,
35.29,0,53800,
35.3,0,53800,
35.31,0,53900,
35.32,0,53900,
35.33,0,53900,
35.34,0,54000,
35.35,0,54000,
35.36,0,54100,
35.37,0,54100,
35.38,0,54100,
35.39,0,54200,
35.4,0,54200,
35.41,0,54300,
35.42,0,54300,
35.43,0,54300,
35.44,0,54400,
35.45,0,54400,
35.46,0,54400,
35.47,0,54500,
35.48,0,54500,
35.49,0,54600,
35.5,0,54600,
35.51,0,54600,
35.52,0,54700,
35.53,0,54700,
35.54,0,54800,
35.55,0,54800,
35.56,0,54800,
35.57,0,54900,
35.58,0,54900,
35.59,0,54900,
35.6,0,55000,
35.61,0,55000,
35.62,0,55100,
35.63,0,55100,
35.64,0,55100,
35.65,0,55200,
35.66,0,55200,
35.67,0,55300,
35.68,0,55300,
35.69,0,55300,
35.7,0,55400,
35.71,0,55400,
35.72,0,55500,
35.73,0,55500,
35.74,0,55500,
35.75,0,55600,
35.76,0,55600,
35.77,0,55700,
35.78,0,55700,
35.79,0,55700,
35.8,0,55800,
35.81,0,55800,
35.82,0,55800,
35.83,0,55900,
35.84,0,55900,
35.85,0,56000,
35.86,0,56000,
35.87,0,56000,
35.88,0,56100,
35.89,0,56100,
35.9,0,56200,
35.91,0,56200,
35.92,0,56200,
35.93,0,56300,
35.94,0,56300,
35.95,0,56400,
35.96,0,56400,
35.97,0,56400,
35.98,0,56500,
35.99,0,56500,
36,0,56600,
36.01,0,56600,
36.02,0,56600,
36.03,0,56700,
36.04,0,56700,
36.05,0,56800,
36.06,0,56800,
36.07,0,56800,
36.08,0,56900,
36.09,0,56900,
36.1,0,57000,
36.11,0,57000,
36.12,0,57000,
36.13,0,57100,
36.14,0,57100,
36.15,0,57200,
36.16,0,57200,
36.17,0,57200,
36.18,0,57300,
36.19,0,57300,
36.2,0,57400,
36.21,0,57400,
36.22,0,57400,
36.23,0,57500,
36.24,0,57500,
36.25,0,57600,
36.26,0,57600,
36.27,0,57600,
36.28,0,57700,
36.29,0,57700,
36.3,0,57800,
36.31,0,57800,
36.32,0,57800,
36.33,0,57900,
36.34,0,57900,
36.35,0,58000,
36.36,0,58000,
36.37,0,58000,
36.38,0,58100,
36.39,0,58100,
36.4,0,58200,
36.41,0,58200,
36.42,0,58200,
36.43,0,58300,
36.44,0,58300,
36.45,0,58400,
36.46,0,58400,
36.47,0,58400,
36.48,0,58500,
36.49,0,58500,
36.5,0,58600,
36.51,0,58600,
36.52,0,58600,
36.53,0,58700,
36.54,0,58700,
36.55,0,58800,
36.56,0,58800,
36.57,0,58800,
36.58,0,58900,
36.59,0,58900,
36.6,0,59000,
36.61,0,59000,
36.62,0,59000,
36.63,0,59100,
36.64,0,59100,
36.65,0,59200,
36.66,0,59200,
36.67,0,59200,
36.68,0,59300,
36.69,0,59300,
36.7,0,59400,
36.71,0,59400,
36.72,0,59400,
36.73,0,59500,
36.74,0,59500,
36.75,0,59600,
36.76,0,59600,
36.77,0,59700,
36.78,0,59700,
36.79,0,59700,
36.8,0,59800,
36.81,0,59800,
36.82,0,59900,
36.83,0,59900,
36.84,0,59900,
36.85,0,60000,
36.86,0,60000,
36.87,0,60100,
36.88,0,60100,*
36.89,0,60100,
36.9,0,60200,
36.91,0,60200,
36.92,0,60300,
36.93,0,60300,
36.94,0,60300,
36.95,0,60400,
36.96,0,60400,
36.97,0,60500,
36.98,0,60500,
36.99,0,60500,
37,0,60600,
37.01,0,60600,
37.02,0,60700,
37.03,0,60700,
37.04,0,60700,
37.05,0,60800,
37.06,0,60800,
37.07,0,60900,
37.08,0,60900,
37.09,0,61000,
37.1,0,61000,
37.11,0,61000,
37.12,0,61100,
37.13,0,61100,
37.14,0,61200,
37.15,0,61200,
37.16,0,61200,
37.17,0,61300,
37.18,0,61300,
37.19,0,61400,
37.2,0,61400,
37.21,0,61400,
37.22,0,61500,
37.23,0,61500,
37.24,0,61600,
37.25,0,61600,
37.26,0,61600,
37.27,0,61700,
37.28,0,61700,
37.29,0,61800,
37.3,0,61800,
37.31,0,61900,
37.32,0,61900,
37.33,0,61900,
37.34,0,62000,
37.35,0,62000,
37.36,0,62100,
37.37,0,62100,
37.38,0,62100,
37.39,0,62200,
37.4,0,62200,
37.41,0,62300,
37.42,0,62300,
37.43,0,62300,
37.44,0,62400,
37.45,0,62400,
37.46,0,62500,
37.47,0,62500,
37.48,0,62500,
37.49,0,62600,
37.5,0,62600,
37.51,0,62700,
37.52,0,62700,
37.53,0,62800,
37.54,0,62800,
37.55,0,62800,
37.56,0,62900,
37.57,0,62900,
37.58,0,63000,
37.59,0,63000,
37.6,0,63000,
37.61,0,63100,
37.62,0,63100,
37.63,0,63200,
37.64,0,63200,
37.65,0,63300,
37.66,0,63300,
37.67,0,63300,
37.68,0,63400,
37.69,0,63400,
37.7,0,63500,
37.71,0,63500,
37.72,0,63500,
37.73,0,63600,
37.74,0,63600,
37.75,0,63700,
37.76,0,63700,
37.77,0,63800,
37.78,0,63800,
37.79,0,63800,
37.8,0,63900,
37.81,0,63900,
37.82,0,64000,
37.83,0,64000,
37.84,0,64000,
37.85,0,64100,
37.86,0,64100,
37.87,0,64200,
37.88,0,64200,
37.89,0,64300,
37.9,0,64300,
37.91,0,64300,
37.92,0,64400,
37.93,0,64400,
37.94,0,64500,
37.95,0,64500,
37.96,0,64500,
37.97,0,64600,
37.98,0,64600,
37.99,0,64700,
38,0,64700,
38.01,0,64800,
38.02,0,64800,
38.03,0,64800,
38.04,0,64900,
38.05,0,64900,
38.06,0,65000,
38.07,0,65000,
38.08,0,65100,
38.09,0,65100,
38.1,0,65100,
38.11,0,65200,
38.12,0,65200,
38.13,0,65300,
38.14,0,65300,
38.15,0,65300,
38.16,0,65400,
38.17,0,65400,
38.18,0,65500,
38.19,0,65500,
38.2,0,65600,
38.21,0,65600,
38.22,0,65600,
38.23,0,65700,
38.24,0,65700,
38.25,0,65800,
38.26,0,65800,
38.27,0,65900,
38.28,0,65900,
38.29,0,65900,
38.3,0,66000,
38.31,0,66000,
38.32,0,66100,
38.33,0,66100,
38.34,0,66200,
38.35,0,66200,
38.36,0,66200,
38.37,0,66300,
38.38,0,66300,
38.39,0,66400,
38.4,0,66400,
38.41,0,66500,
38.42,0,66500,
38.43,0,66500,
38.44,0,66600,
38.45,0,66600,
38.46,0,66700,
38.47,0,66700,
38.48,0,66800,
38.49,0,66800,
38.5,0,66800,
38.51,0,66900,
38.52,0,66900,
38.53,0,67000,
38.54,0,67000,
38.55,0,67100,
38.56,0,67100,
38.57,0,67100,
38.58,0,67200,
38.59,0,67200,
38.6,0,67300,
38.61,0,67300,
38.62,0,67400,
38.63,0,67400,
38.64,0,67400,
38.65,0,67500,
38.66,0,67500,
38.67,0,67600,
38.68,0,67600,
38.69,0,67700,
38.7,0,67700,
38.71,0,67700,
38.72,0,67800,
38.73,0,67800,
38.74,0,67900,
38.75,0,67900,
38.76,0,68000,
38.77,0,68000,
38.78,0,68000,
38.79,0,68100,
38.8,0,68100,
38.81,0,68200,
38.82,0,68200,
38.83,0,68300,
38.84,0,68300,
38.85,0,68300,
38.86,0,68400,
38.87,0,68400,
38.88,0,68500,
38.89,0,68500,
38.9,0,68600,
38.91,0,68600,
38.92,0,68600,
38.93,0,68700,
38.94,0,68700,
38.95,0,68800,
38.96,0,68800,
38.97,0,68900,
38.98,0,68900,
38.99,0,69000,
39,0,69000,
39.01,0,69000,
39.02,0,69100,
39.03,0,69100,
39.04,0,69200,
39.05,0,69200,
39.06,0,69300,
39.07,0,69300,
39.08,0,69300,
39.09,0,69400,
39.1,0,69400,
39.11,0,69500,
39.12,0,69500,
39.13,0,69600,
39.14,0,69600,
39.15,0,69600,
39.16,0,69700,
39.17,0,69700,
39.18,0,69800,
39.19,0,69800,
39.2,0,69900,
39.21,0,69900,
39.22,0,70000,
39.23,0,70000,
39.24,0,70000,
39.25,0,70100,
39.26,0,70100,
39.27,0,70200,
39.28,0,70200,
39.29,0,70300,
39.3,0,70300,
39.31,0,70400,
39.32,0,70400,
39.33,0,70400,
39.34,0,70500,
39.35,0,70500,
39.36,0,70600,
39.37,0,70600,
39.38,0,70700,
39.39,0,70700,
39.4,0,70700,
39.41,0,70800,
39.42,0,70800,
39.43,0,70900,
39.44,0,70900,
39.45,0,71000,
39.46,0,71000,
39.47,0,71100,
39.48,0,71100,
39.49,0,71100,
39.5,0,71200,
39.51,0,71200,
39.52,0,71300,
39.53,0,71300,
39.54,0,71400,
39.55,0,71400,
39.56,0,71500,
39.57,0,71500,
39.58,0,71500,
39.59,0,71600,
39.6,0,71600,
39.61,0,71700,
39.62,0,71700,
39.63,0,71800,
39.64,0,71800,
39.65,0,71900,
39.66,0,71900,
39.67,0,71900,
39.68,0,72000,
39.69,0,72000,
39.7,0,72100,
39.71,0,72100,
39.72,0,72200,
39.73,0,72200,
39.74,0,72300,
39.75,0,72300,
39.76,0,72300,
39.77,0,72400,
39.78,0,72400,
39.79,0,72500,
39.8,0,72500,
39.81,0,72600,
39.82,0,72600,
39.83,0,72700,
39.84,0,72700,
39.85,0,72700,
39.86,0,72800,
39.87,0,72800,
39.88,0,72900,
39.89,0,72900,
39.9,0,73000,
39.91,0,73000,
39.92,0,73100,
39.93,0,73100,
39.94,0,73200,
39.95,0,73200,
39.96,0,73200,
39.97,0,73300,
39.98,0,73300,
39.99,0,73400,
40,0,73400,
40.01,0,73500,
40.02,0,73500,
40.03,0,73600,
40.04,0,73600,
40.05,0,73600,
40.06,0,73700,
40.07,0,73700,
40.08,0,73800,
40.09,0,73800,
40.1,0,73900,
40.11,0,73900,
40.12,0,74000,
40.13,0,74000,
40.14,0,74100,
40.15,0,74100,
40.16,0,74100,
40.17,0,74200,
40.18,0,74200,
40.19,0,74300,
40.2,0,74300,
40.21,0,74400,
40.22,0,74400,
40.23,0,74500,
40.24,0,74500,
40.25,0,74600,
40.26,0,74600,
40.27,0,74600,
40.28,0,74700,
40.29,0,74700,
40.3,0,74800,
40.31,0,74800,
40.32,0,74900,
40.33,0,74900,
40.34,0,75000,
40.35,0,75000,
40.36,0,75100,
40.37,0,75100,
40.38,0,75100,
40.39,0,75200,
40.4,0,75200,
40.41,0,75300,
40.42,0,75300,
40.43,0,75400,
40.44,0,75400,
40.45,0,75500,
40.46,0,75500,
40.47,0,75600,
40.48,0,75600,
40.49,0,75600,
40.5,0,75700,
40.51,0,75700,
40.52,0,75800,
40.53,0,75800,
40.54,0,75900,
40.55,0,75900,
40.56,0,76000,
40.57,0,76000,
40.58,0,76100,
40.59,0,76100,
40.6,0,76200,
40.61,0,76200,
40.62,0,76200,
40.63,0,76300,
40.64,0,76300,
40.65,0,76400,
40.66,0,76400,
40.67,0,76500,
40.68,0,76500,
40.69,0,76600,
40.7,0,76600,
40.71,0,76700,
40.72,0,76700,
40.73,0,76700,
40.74,0,76800,
40.75,0,76800,
40.76,0,76900,
40.77,0,76900,
40.78,0,77000,
40.79,0,77000,
40.8,0,77100,
40.81,0,77100,
40.82,0,77200,
40.83,0,77200,
40.84,0,77300,
40.85,0,77300,
40.86,0,77300,
40.87,0,77400,
40.88,0,77400,
40.89,0,77500,
40.9,0,77500,
40.91,0,77600,
40.92,0,77600,
40.93,0,77700,
40.94,0,77700,
40.95,0,77800,
40.96,0,77800,
40.97,0,77900,
40.98,0,77900,
40.99,0,78000,
41,0,78000,
41.01,0,78000,
41.02,0,78100,
41.03,0,78100,
41.04,0,78200,
41.05,0,78200,
41.06,0,78300,
41.07,0,78300,
41.08,0,78400,
41.09,0,78400,
41.1,0,78500,
41.11,0,78500,
41.12,0,78600,
41.13,0,78600,
41.14,0,78700,
41.15,0,78700,
41.16,0,78700,
41.17,0,78800,
41.18,0,78800,
41.19,0,78900,
41.2,0,78900,
41.21,0,79000,
41.22,0,79000,
41.23,0,79100,
41.24,0,79100,
41.25,0,79200,
41.26,0,79200,
41.27,0,79300,
41.28,0,79300,
41.29,0,79400,
41.3,0,79400,
41.31,0,79400,
41.32,0,79500,
41.33,0,79500,
41.34,0,79600,
41.35,0,79600,
41.36,0,79700,
41.37,0,79700,
41.38,0,79800,
41.39,0,79800,
41.4,0,79900,
41.41,0,79900,
41.42,0,80000,
41.43,0,80000,
41.44,0,80100,
41.45,0,80100,
41.46,0,80200,
41.47,0,80200,
41.48,0,80200,
41.49,0,80300,
41.5,0,80300,
41.51,0,80400,
41.52,0,80400,
41.53,0,80500,
41.54,0,80500,
41.55,0,80600,
41.56,0,80600,
41.57,0,80700,
41.58,0,80700,
41.59,0,80800,
41.6,0,80800,
41.61,0,80900,
41.62,0,80900,
41.63,0,81000,
41.64,0,81000,
41.65,0,81100,
41.66,0,81100,
41.67,0,81100,
41.68,0,81200,
41.69,0,81200,
41.7,0,81300,
41.71,0,81300,
41.72,0,81400,
41.73,0,81400,
41.74,0,81500,
41.75,0,81500,
41.76,0,81600,
41.77,0,81600,
41.78,0,81700,
41.79,0,81700,
41.8,0,81800,
41.81,0,81800,
41.82,0,81900,
41.83,0,81900,
41.84,0,82000,
41.85,0,82000,
41.86,0,82100,
41.87,0,82100,
41.88,0,82200,
41.89,0,82200,
41.9,0,82200,
41.91,0,82300,
41.92,0,82300,
41.93,0,82400,
41.94,0,82400,
41.95,0,82500,
41.96,0,82500,
41.97,0,82600,
41.98,0,82600,
41.99,0,82700,
42,0,82700,
42.01,0,82800,
42.02,0,82800,
42.03,0,82900,
42.04,0,82900,
42.05,0,83000,
42.06,0,83000,
42.07,0,83100,
42.08,0,83100,
42.09,0,83200,
42.1,0,83200,
42.11,0,83300,
42.12,0,83300,
42.13,0,83400,
42.14,0,83400,
42.15,0,83400,
42.16,0,83500,
42.17,0,83500,
42.18,0,83600,
42.19,0,83600,
42.2,0,83700,
42.21,0,83700,
42.22,0,83800,
42.23,0,83800,
42.24,0,83900,
42.25,0,83900,
42.26,0,84000,
42.27,0,84000,
42.28,0,84100,
42.29,0,84100,
42.3,0,84200,
42.31,0,84200,
42.32,0,84300,
42.33,0,84300,
42.34,0,84400,
42.35,0,84400,
42.36,0,84500,
42.37,0,84500,
42.38,0,84600,
42.39,0,84600,
42.4,0,84700,
42.41,0,84700,
42.42,0,84800,
42.43,0,84800,
42.44,0,84900,
42.45,0,84900,
42.46,0,85000,
42.47,0,85000,
42.48,0,85000,
42.49,0,85100,
42.5,0,85100,
42.51,0,85200,
42.52,0,85200,
42.53,0,85300,
42.54,0,85300,
42.55,0,85400,
42.56,0,85400,
42.57,0,85500,
42.58,0,85500,
42.59,0,85600,
42.6,0,85600,
42.61,0,85700,
42.62,0,85700,
42.63,0,85800,
42.64,0,85800,
42.65,0,85900,
42.66,0,85900,
42.67,0,86000,
42.68,0,86000,
42.69,0,86100,
42.7,0,86100,
42.71,0,86200,
42.72,0,86200,
42.73,0,86300,
42.74,0,86300,
42.75,0,86400,
42.76,0,86400,
42.77,0,86500,
42.78,0,86500,
42.79,0,86600,
42.8,0,86600,
42.81,0,86700,
42.82,0,86700,
42.83,0,86800,
42.84,0,86800,
42.85,0,86900,
42.86,0,86900,
42.87,0,87000,
42.88,0,87000,
42.89,0,87100,
42.9,0,87100,
42.91,0,87200,
42.92,0,87200,
42.93,0,87300,
42.94,0,87300,
42.95,0,87400,
42.96,0,87400,
42.97,0,87500,
42.98,0,87500,
42.99,0,87600,
43,0,87600,
43.01,0,87700,
43.02,0,87700,
43.03,0,87800,
43.04,0,87800,
43.05,0,87900,
43.06,0,87900,
43.07,0,88000,
43.08,0,88000,
43.09,0,88100,
43.1,0,88100,
43.11,0,88200,
43.12,0,88200,
43.13,0,88200,
43.14,0,88300,
43.15,0,88300,
43.16,0,88400,
43.17,0,88400,
43.18,0,88500,
43.19,0,88500,
43.2,0,88600,
43.21,0,88600,
43.22,0,88700,
43.23,0,88700,
43.24,0,88800,
43.25,0,88800,
43.26,0,88900,
43.27,0,88900,
43.28,0,89000,
43.29,0,89000,
43.3,0,89100,
43.31,0,89100,
43.32,0,89200,
43.33,0,89200,
43.34,0,89300,
43.35,0,89300,
43.36,0,89400,
43.37,0,89400,
43.38,0,89500,
43.39,0,89500,
43.4,0,89600,
43.41,0,89600,
43.42,0,89700,
43.43,0,89700,
43.44,0,89800,
43.45,0,89800,
43.46,0,89900,
43.47,0,89900,
43.48,0,90000,*
