COMID:,5781353
LENGTH:,30347.77
PROFILE:,1.2437209069999999
DISCHARGE:
0.0,4330.0,6670.0,7620.0,13840.0
STAGE:
0.0,7.46,9.0099999999999998,9.6600000000000001,12.08
PROFILE:,4.6749652680000002
DISCHARGE:
0.0,4330.0,6670.0,7620.0,13840.0
STAGE:
0.0,7.7699999999999996,8.6999999999999993,9.0299999999999994,10.800000000000001
PROFILE:,10.412439450000001
DISCHARGE:
0.0,4330.0,6670.0,7620.0,13840.0
STAGE:
0.0,8.6199999999999992,9.9399999999999995,10.35,12.07
PROFILE:,11.94649392
DISCHARGE:
0.0,4330.0,6670.0,7620.0,13840.0
STAGE:
0.0,7.5,9.0099999999999998,9.5099999999999998,11.77
PROFILE:,13.211101060000001
DISCHARGE:
0.0,4330.0,6670.0,7620.0,13840.0
STAGE:
0.0,7.7300000000000004,9.2599999999999998,9.7799999999999994,12.42
PROFILE:,17.313884309999999
DISCHARGE:
0.0,4330.0,6670.0,7620.0,13840.0
STAGE:
0.0,6.6200000000000001,8.0700000000000003,8.5899999999999999,11.31
PROFILE:,21.32566005
DISCHARGE:
0.0,4330.0,6670.0,7620.0,13840.0
STAGE:
0.0,6.0,7.2300000000000004,7.6799999999999997,10.1
PROFILE:,22.811483500000001
DISCHARGE:
0.0,4330.0,6670.0,7620.0,13840.0
STAGE:
0.0,6.4299999999999997,7.21,7.8300000000000001,11.57
PROFILE:,23.740027319999999
DISCHARGE:
0.0,4330.0,6670.0,7620.0,13840.0
STAGE:
0.0,6.3600000000000003,7.21,7.75,11.460000000000001
PROFILE:,26.296780170000002
DISCHARGE:
0.0,4330.0,6670.0,7620.0,13840.0
STAGE:
0.0,6.0800000000000001,7.0,7.3600000000000003,10.460000000000001
PROFILE:,27.857632079999998
DISCHARGE:
0.0,3460.0,5120.0,6040.0,12340.0
STAGE:
0.0,9.9800000000000004,10.93,11.4,14.31
PROFILE:,28.87979941
DISCHARGE:
0.0,6050.0,10120.0,11830.0,16250.0
STAGE:
0.0,11.76,14.59,15.58,17.859999999999999
PROFILE:,30.390368840000001
DISCHARGE:
0.0,3460.0,5120.0,6040.0,12340.0
STAGE:
0.0,8.3300000000000001,9.4100000000000001,9.9600000000000009,12.949999999999999
PROFILE:,32.109264580000001
DISCHARGE:
0.0,3460.0,5120.0,6040.0,12340.0
STAGE:
0.0,6.3300000000000001,7.5199999999999996,8.0600000000000005,11.17
PROFILE:,35.700411600000002
DISCHARGE:
0.0,3460.0,5120.0,6040.0,12340.0
STAGE:
0.0,6.5099999999999998,7.71,8.2599999999999998,11.359999999999999
PROFILE:,37.203697210000001
DISCHARGE:
0.0,3460.0,5120.0,6040.0,12340.0
STAGE:
0.0,6.5800000000000001,7.7699999999999996,8.3200000000000003,11.41
PROFILE:,38.54241493
DISCHARGE:
0.0,3460.0,5120.0,6040.0,12340.0
STAGE:
0.0,5.1399999999999997,6.3200000000000003,6.8700000000000001,9.9600000000000009
PROFILE:,40.486736999999998
DISCHARGE:
0.0,3460.0,5120.0,6040.0,12340.0
STAGE:
0.0,7.5199999999999996,8.6899999999999995,9.2300000000000004,11.52
PROFILE:,41.803992559999998
DISCHARGE:
0.0,3460.0,5120.0,6040.0,12340.0
STAGE:
0.0,6.4199999999999999,7.6699999999999999,8.2599999999999998,11.300000000000001
PROFILE:,42.377169500000001
DISCHARGE:
0.0,3460.0,5120.0,6040.0,12340.0
STAGE:
0.0,7.2400000000000002,8.4700000000000006,9.1300000000000008,12.5
PROFILE:,42.605267910000002
DISCHARGE:
0.0,3460.0,5120.0,6040.0,12340.0
STAGE:
0.0,13.48,16.609999999999999,17.920000000000002,20.350000000000001
PROFILE:,42.853381769999999
DISCHARGE:
0.0,3460.0,5120.0,6040.0,12340.0
STAGE:
0.0,15.59,18.57,19.879999999999999,22.309999999999999
PROFILE:,43.148913579999999
DISCHARGE:
0.0,3670.0,6140.0,7160.0,12960.0
STAGE:
0.0,15.34,18.309999999999999,19.620000000000001,22.09
PROFILE:,44.693981319999999
DISCHARGE:
0.0,3670.0,6140.0,7160.0,12960.0
STAGE:
0.0,8.6999999999999993,11.65,12.949999999999999,15.529999999999999
PROFILE:,45.690779370000001
DISCHARGE:
0.0,2900.0,5250.0,6160.0,10650.0
STAGE:
0.0,7.3099999999999996,10.16,11.449999999999999,14.029999999999999
PROFILE:,47.125732620000001
DISCHARGE:
0.0,2900.0,5250.0,6160.0,10650.0
STAGE:
0.0,7.3799999999999999,10.23,11.52,14.42
PROFILE:,47.811986490000002
DISCHARGE:
0.0,2900.0,5250.0,6160.0,10650.0
STAGE:
0.0,6.3399999999999999,9.1999999999999993,10.49,13.369999999999999
PROFILE:,48.568622849999997
DISCHARGE:
0.0,2900.0,5250.0,6160.0,10650.0
STAGE:
0.0,6.96,9.7899999999999991,11.06,14.09
PROFILE:,49.434352570000001
DISCHARGE:
0.0,2900.0,5250.0,6160.0,10650.0
STAGE:
0.0,6.7300000000000004,9.5800000000000001,10.84,14.01
PROFILE:,51.370963949999997
DISCHARGE:
0.0,2900.0,5250.0,6160.0,10650.0
STAGE:
0.0,5.8499999999999996,7.5300000000000002,8.4600000000000009,11.51
PROFILE:,53.313028680000002
DISCHARGE:
0.0,2900.0,5250.0,6160.0,10650.0
STAGE:
0.0,4.96,6.5599999999999996,7.0599999999999996,9.3100000000000005
PROFILE:,53.643465499999998
DISCHARGE:
0.0,2900.0,5250.0,6160.0,10650.0
STAGE:
0.0,4.6500000000000004,5.9900000000000002,6.4299999999999997,8.2699999999999996
PROFILE:,54.103311869999999
DISCHARGE:
0.0,2900.0,5250.0,6160.0,10650.0
STAGE:
0.0,4.6699999999999999,5.9199999999999999,6.29,7.7699999999999996
PROFILE:,54.530089330000003
DISCHARGE:
0.0,2900.0,5250.0,6160.0,10650.0
STAGE:
0.0,4.6100000000000003,5.7699999999999996,6.1500000000000004,7.6399999999999997
PROFILE:,55.601353349999997
DISCHARGE:
0.0,2900.0,5250.0,6160.0,10650.0
STAGE:
0.0,3.6299999999999999,4.6299999999999999,4.9199999999999999,6.1399999999999997
PROFILE:,56.512070420000001
DISCHARGE:
0.0,2670.0,5400.0,6560.0,9720.0
STAGE:
0.0,3.3199999999999998,4.9100000000000001,5.54,7.4299999999999997
PROFILE:,56.945928340000002
DISCHARGE:
0.0,2560.0,5160.0,6280.0,9310.0
STAGE:
0.0,4.9000000000000004,7.1799999999999997,7.6299999999999999,8.6199999999999992
PROFILE:,57.228730300000002
DISCHARGE:
0.0,6050.0,10120.0,11830.0,16250.0
STAGE:
0.0,9.6300000000000008,12.02,12.699999999999999,14.23
PROFILE:,57.296340069999999
DISCHARGE:
0.0,6050.0,10120.0,11830.0,16250.0
STAGE:
0.0,9.4800000000000004,11.76,12.42,13.91
PROFILE:,57.501249350000002
DISCHARGE:
0.0,6050.0,10120.0,11830.0,16250.0
STAGE:
0.0,12.460000000000001,14.48,15.199999999999999,17.190000000000001
PROFILE:,58.003908600000003
DISCHARGE:
0.0,6050.0,10120.0,11830.0,16250.0
STAGE:
0.0,10.25,13.01,13.83,15.15
PROFILE:,60.079259190000002
DISCHARGE:
0.0,5810.0,9600.0,11140.0,16220.0
STAGE:
0.0,8.9399999999999995,11.140000000000001,11.960000000000001,13.92
PROFILE:,61.003710980000001
DISCHARGE:
0.0,5810.0,9600.0,11140.0,16220.0
STAGE:
0.0,9.0700000000000003,11.16,11.75,13.470000000000001
PROFILE:,61.459105710000003
DISCHARGE:
0.0,5810.0,9600.0,11140.0,16220.0
STAGE:
0.0,7.2199999999999998,9.0700000000000003,9.6300000000000008,11.25
PROFILE:,62.267258730000002
DISCHARGE:
0.0,5110.0,8270.0,9540.0,14920.0
STAGE:
0.0,6.3300000000000001,8.7699999999999996,8.9299999999999997,11.210000000000001
PROFILE:,63.126612520000002
DISCHARGE:
0.0,5110.0,8270.0,9540.0,14920.0
STAGE:
0.0,10.390000000000001,11.93,12.52,14.76
PROFILE:,64.148933299999996
DISCHARGE:
0.0,5110.0,8270.0,9540.0,14920.0
STAGE:
0.0,8.4800000000000004,10.23,10.82,12.99
PROFILE:,64.53886086
DISCHARGE:
0.0,5110.0,8270.0,9540.0,14920.0
STAGE:
0.0,8.8200000000000003,10.77,11.449999999999999,13.76
PROFILE:,65.445481509999993
DISCHARGE:
0.0,4330.0,6670.0,7620.0,13840.0
STAGE:
0.0,8.1300000000000008,10.039999999999999,10.76,12.91
XSAPPROX:
DISCHARGE:
0.0,4.80227,44.1358,155.947,373.925,726.479,1237.23,1925.75,2808.29,3898.38,5207.31,6744.59,8518.22,10535.0,12800.7,15320.1,18097.6,21136.7,24440.6,28011.9,31852.9,35965.6,40351.8,45012.9,49950.2,55164.8,60657.8,66429.8,72481.7,78814.0,85427.2,92321.7,99497.9,106956.0,114696.0,122719.0,131025.0,139612.0,148483.0,157636.0,167072.0,176791.0,186792.0,197075.0,207641.0,218490.0,229620.0,241032.0,252727.0,264702.0,276960.0,289498.0,302318.0,315419.0,328800.0,342461.0,356403.0,370625.0,385126.0,399907.0,414967.0,430306.0,445923.0,461819.0,477994.0,494446.0,511176.0,528183.0,545467.0,563028.0,580866.0,598980.0,617370.0,636036.0,654978.0,674194.0,693686.0,713452.0,733493.0,753807.0,774396.0,795258.0,816394.0
STAGE:
0.0,1.0,2.0,3.0,4.0,5.0,6.0,7.0,8.0,9.0,10.0,11.0,12.0,13.0,14.0,15.0,16.0,17.0,18.0,19.0,20.0,21.0,22.0,23.0,24.0,25.0,26.0,27.0,28.0,29.0,30.0,31.0,32.0,33.0,34.0,35.0,36.0,37.0,38.0,39.0,40.0,41.0,42.0,43.0,44.0,45.0,46.0,47.0,48.0,49.0,50.0,51.0,52.0,53.0,54.0,55.0,56.0,57.0,58.0,59.0,60.0,61.0,62.0,63.0,64.0,65.0,66.0,67.0,68.0,69.0,70.0,71.0,72.0,73.0,74.0,75.0,76.0,77.0,78.0,79.0,80.0,81.0,82.0
USGS:
DISCHARGE:
1.2,1.3999999999999999,1.6000000000000001,1.8999999999999999,2.2000000000000002,2.5,2.7999999999999998,3.2000000000000002,3.6000000000000001,4.0,4.5,4.9000000000000004,5.5,6.0,6.5999999999999996,7.0999999999999996,7.7000000000000002,8.4000000000000004,9.0999999999999996,9.8000000000000007,10.0,11.0,12.0,13.0,13.0,14.0,15.0,16.0,16.0,17.0,17.0,19.0,19.0,20.0,22.0,23.0,24.0,25.0,26.0,27.0,28.0,29.0,31.0,31.0,32.0,33.0,35.0,36.0,37.0,39.0,40.0,41.0,43.0,44.0,46.0,47.0,49.0,50.0,52.0,54.0,55.0,57.0,57.0,59.0,61.0,62.0,64.0,66.0,68.0,70.0,72.0,73.0,75.0,77.0,79.0,81.0,84.0,86.0,88.0,90.0,92.0,92.0,94.0,96.0,99.0,101.0,103.0,106.0,108.0,110.0,113.0,115.0,118.0,120.0,123.0,125.0,128.0,130.0,133.0,136.0,136.0,138.0,141.0,144.0,146.0,149.0,152.0,155.0,158.0,161.0,164.0,166.0,169.0,172.0,175.0,179.0,182.0,185.0,188.0,191.0,194.0,197.0,201.0,204.0,207.0,211.0,214.0,217.0,221.0,224.0,228.0,231.0,235.0,238.0,242.0,245.0,249.0,253.0,256.0,260.0,264.0,268.0,271.0,275.0,279.0,283.0,287.0,291.0,295.0,299.0,303.0,307.0,311.0,315.0,319.0,324.0,328.0,332.0,336.0,340.0,345.0,349.0,354.0,358.0,362.0,366.0,370.0,374.0,379.0,383.0,387.0,391.0,396.0,400.0,404.0,409.0,413.0,417.0,422.0,426.0,431.0,435.0,440.0,444.0,449.0,453.0,458.0,462.0,467.0,472.0,476.0,481.0,486.0,491.0,495.0,500.0,505.0,510.0,515.0,519.0,524.0,529.0,534.0,539.0,544.0,549.0,554.0,559.0,564.0,570.0,575.0,580.0,585.0,590.0,595.0,601.0,606.0,611.0,617.0,622.0,627.0,633.0,638.0,643.0,649.0,654.0,660.0,665.0,671.0,676.0,682.0,688.0,693.0,699.0,704.0,710.0,716.0,722.0,727.0,733.0,739.0,745.0,751.0,756.0,762.0,768.0,774.0,780.0,786.0,792.0,798.0,804.0,810.0,816.0,822.0,829.0,835.0,841.0,847.0,853.0,860.0,866.0,872.0,878.0,885.0,891.0,897.0,904.0,910.0,917.0,923.0,930.0,936.0,943.0,949.0,956.0,962.0,969.0,976.0,982.0,989.0,996.0,1000.0,1010.0,1020.0,1020.0,1030.0,1040.0,1040.0,1050.0,1060.0,1060.0,1070.0,1080.0,1080.0,1090.0,1100.0,1110.0,1110.0,1120.0,1130.0,1130.0,1140.0,1150.0,1160.0,1160.0,1170.0,1180.0,1190.0,1190.0,1200.0,1210.0,1210.0,1220.0,1230.0,1240.0,1240.0,1250.0,1260.0,1270.0,1270.0,1280.0,1290.0,1300.0,1300.0,1310.0,1320.0,1330.0,1340.0,1340.0,1350.0,1360.0,1370.0,1370.0,1380.0,1390.0,1400.0,1410.0,1410.0,1420.0,1430.0,1440.0,1450.0,1450.0,1460.0,1470.0,1480.0,1490.0,1500.0,1500.0,1510.0,1520.0,1530.0,1540.0,1540.0,1550.0,1560.0,1570.0,1580.0,1590.0,1590.0,1600.0,1610.0,1620.0,1630.0,1640.0,1650.0,1650.0,1660.0,1670.0,1680.0,1690.0,1700.0,1710.0,1720.0,1720.0,1730.0,1740.0,1750.0,1760.0,1770.0,1780.0,1790.0,1800.0,1800.0,1810.0,1820.0,1830.0,1840.0,1850.0,1860.0,1870.0,1880.0,1890.0,1890.0,1900.0,1910.0,1920.0,1930.0,1940.0,1940.0,1950.0,1960.0,1970.0,1980.0,1980.0,1990.0,2000.0,2010.0,2020.0,2030.0,2030.0,2040.0,2050.0,2060.0,2070.0,2080.0,2080.0,2090.0,2100.0,2110.0,2120.0,2130.0,2140.0,2140.0,2150.0,2160.0,2170.0,2180.0,2190.0,2200.0,2200.0,2210.0,2220.0,2230.0,2240.0,2250.0,2260.0,2260.0,2270.0,2280.0,2290.0,2300.0,2310.0,2320.0,2330.0,2340.0,2340.0,2350.0,2360.0,2370.0,2380.0,2390.0,2400.0,2410.0,2420.0,2420.0,2430.0,2440.0,2450.0,2460.0,2470.0,2480.0,2490.0,2500.0,2510.0,2510.0,2520.0,2530.0,2540.0,2550.0,2560.0,2570.0,2580.0,2590.0,2600.0,2610.0,2620.0,2630.0,2630.0,2640.0,2650.0,2660.0,2670.0,2680.0,2690.0,2700.0,2710.0,2720.0,2730.0,2740.0,2750.0,2760.0,2770.0,2780.0,2780.0,2790.0,2800.0,2810.0,2820.0,2830.0,2840.0,2850.0,2860.0,2870.0,2880.0,2890.0,2900.0,2910.0,2920.0,2930.0,2940.0,2950.0,2960.0,2970.0,2980.0,2990.0,3000.0,3010.0,3020.0,3030.0,3040.0,3050.0,3060.0,3070.0,3080.0,3090.0,3100.0,3110.0,3120.0,3130.0,3140.0,3150.0,3160.0,3170.0,3180.0,3190.0,3200.0,3210.0,3220.0,3230.0,3240.0,3250.0,3260.0,3270.0,3280.0,3290.0,3300.0,3310.0,3320.0,3330.0,3340.0,3350.0,3360.0,3370.0,3380.0,3390.0,3400.0,3410.0,3420.0,3430.0,3440.0,3450.0,3460.0,3470.0,3480.0,3490.0,3500.0,3510.0,3530.0,3540.0,3550.0,3560.0,3570.0,3580.0,3590.0,3600.0,3610.0,3620.0,3630.0,3640.0,3650.0,3660.0,3670.0,3680.0,3690.0,3710.0,3720.0,3730.0,3740.0,3750.0,3760.0,3770.0,3780.0,3790.0,3800.0,3810.0,3820.0,3840.0,3850.0,3860.0,3870.0,3880.0,3890.0,3900.0,3910.0,3920.0,3930.0,3940.0,3960.0,3970.0,3980.0,3990.0,4000.0,4010.0,4020.0,4030.0,4040.0,4060.0,4070.0,4080.0,4090.0,4100.0,4110.0,4120.0,4130.0,4140.0,4160.0,4170.0,4180.0,4190.0,4200.0,4210.0,4220.0,4230.0,4250.0,4260.0,4270.0,4280.0,4290.0,4300.0,4310.0,4330.0,4340.0,4350.0,4360.0,4370.0,4380.0,4390.0,4410.0,4420.0,4430.0,4440.0,4450.0,4460.0,4480.0,4490.0,4500.0,4510.0,4520.0,4530.0,4550.0,4560.0,4570.0,4580.0,4590.0,4600.0,4620.0,4630.0,4640.0,4650.0,4660.0,4670.0,4690.0,4700.0,4710.0,4720.0,4730.0,4750.0,4760.0,4770.0,4780.0,4790.0,4810.0,4820.0,4830.0,4840.0,4850.0,4860.0,4880.0,4890.0,4900.0,4910.0,4930.0,4940.0,4950.0,4960.0,4970.0,4990.0,5000.0,5010.0,5020.0,5030.0,5050.0,5060.0,5070.0,5080.0,5100.0,5110.0,5120.0,5130.0,5140.0,5160.0,5170.0,5180.0,5190.0,5210.0,5220.0,5230.0,5240.0,5260.0,5270.0,5280.0,5290.0,5310.0,5320.0,5330.0,5340.0,5360.0,5370.0,5380.0,5390.0,5410.0,5420.0,5430.0,5440.0,5460.0,5470.0,5480.0,5490.0,5510.0,5520.0,5530.0,5540.0,5560.0,5570.0,5580.0,5590.0,5610.0,5620.0,5630.0,5650.0,5660.0,5670.0,5680.0,5700.0,5710.0,5720.0,5740.0,5750.0,5760.0,5770.0,5790.0,5800.0,5810.0,5830.0,5840.0,5850.0,5860.0,5880.0,5890.0,5900.0,5920.0,5930.0,5940.0,5960.0,5970.0,5980.0,6000.0,6010.0,6020.0,6030.0,6050.0,6060.0,6070.0,6090.0,6100.0,6110.0,6130.0,6140.0,6150.0,6170.0,6180.0,6190.0,6210.0,6220.0,6230.0,6250.0,6260.0,6270.0,6290.0,6300.0,6310.0,6330.0,6340.0,6350.0,6370.0,6380.0,6390.0,6410.0,6420.0,6430.0,6450.0,6460.0,6470.0,6490.0,6500.0,6520.0,6530.0,6540.0,6560.0,6570.0,6580.0,6600.0,6610.0,6620.0,6640.0,6650.0,6670.0,6680.0,6690.0,6710.0,6720.0,6730.0,6750.0,6760.0,6780.0,6790.0,6800.0,6820.0,6830.0,6840.0,6860.0,6870.0,6890.0,6900.0,6910.0,6930.0,6940.0,6960.0,6970.0,6980.0,7000.0,7010.0,7030.0,7040.0,7050.0,7070.0,7080.0,7100.0,7110.0,7120.0,7140.0,7150.0,7170.0,7180.0,7190.0,7210.0,7220.0,7240.0,7250.0,7260.0,7280.0,7290.0,7310.0,7320.0,7340.0,7350.0,7360.0,7380.0,7390.0,7410.0,7420.0,7440.0,7450.0,7460.0,7480.0,7490.0,7510.0,7520.0,7540.0,7550.0,7570.0,7580.0,7590.0,7610.0,7620.0,7640.0,7650.0,7670.0,7680.0,7700.0,7710.0,7730.0,7740.0,7750.0,7770.0,7780.0,7800.0,7810.0,7830.0,7840.0,7860.0,7870.0,7890.0,7900.0,7920.0,7930.0,7940.0,7960.0,7970.0,7990.0,8000.0,8020.0,8030.0,8050.0,8060.0,8080.0,8090.0,8110.0,8120.0,8140.0,8150.0,8170.0,8180.0,8200.0,8210.0,8230.0,8240.0,8260.0,8270.0,8290.0,8300.0,8320.0,8330.0,8350.0,8360.0,8380.0,8390.0,8410.0,8420.0,8440.0,8450.0,8470.0,8480.0,8500.0,8510.0,8530.0,8540.0,8560.0,8570.0,8590.0,8600.0,8620.0,8630.0,8650.0,8670.0,8680.0,8700.0,8710.0,8730.0,8740.0,8760.0,8770.0,8790.0,8800.0,8820.0,8830.0,8850.0,8860.0,8880.0,8900.0,8910.0,8930.0,8940.0,8960.0,8970.0,8990.0,9000.0,9020.0,9040.0,9050.0,9070.0,9080.0,9100.0,9110.0,9130.0,9140.0,9160.0,9180.0,9190.0,9210.0,9220.0,9240.0,9250.0,9270.0,9290.0,9300.0,9320.0,9330.0,9350.0,9360.0,9380.0,9400.0,9410.0,9430.0,9440.0,9460.0,9480.0,9490.0
STAGE:
0.0,0.010000000000000009,0.020000000000000018,0.030000000000000027,0.040000000000000036,0.050000000000000044,0.059999999999999998,0.070000000000000007,0.080000000000000016,0.090000000000000024,0.10000000000000003,0.11000000000000004,0.12000000000000005,0.13000000000000006,0.14000000000000007,0.15000000000000008,0.16000000000000009,0.1700000000000001,0.1800000000000001,0.18999999999999989,0.1999999999999999,0.20999999999999991,0.21999999999999992,0.24999999999999994,0.24999999999999994,0.25999999999999995,0.26999999999999996,0.28999999999999998,0.28999999999999998,0.29999999999999999,0.29999999999999999,0.33999999999999991,0.33999999999999991,0.34999999999999992,0.35999999999999993,0.36999999999999994,0.37999999999999995,0.38999999999999996,0.39999999999999997,0.40999999999999998,0.41999999999999998,0.42999999999999999,0.46000000000000002,0.46000000000000002,0.46999999999999992,0.47999999999999993,0.48999999999999994,0.49999999999999994,0.51000000000000001,0.52000000000000002,0.53000000000000003,0.54000000000000004,0.55000000000000004,0.56000000000000005,0.57000000000000006,0.58000000000000007,0.59000000000000008,0.60000000000000009,0.6100000000000001,0.62000000000000011,0.63000000000000012,0.64000000000000012,0.64000000000000012,0.66999999999999993,0.67999999999999994,0.68999999999999995,0.69999999999999996,0.70999999999999996,0.71999999999999997,0.72999999999999998,0.73999999999999999,0.75,0.76000000000000001,0.77000000000000002,0.78000000000000003,0.79000000000000004,0.80000000000000004,0.81000000000000005,0.82000000000000006,0.83000000000000007,0.8600000000000001,0.8600000000000001,0.87000000000000011,0.88000000000000012,0.89000000000000012,0.90000000000000013,0.91000000000000014,0.92000000000000015,0.92999999999999994,0.93999999999999995,0.94999999999999996,0.95999999999999996,0.96999999999999997,0.97999999999999998,0.98999999999999999,1.0,1.01,1.02,1.03,1.0600000000000001,1.0600000000000001,1.0700000000000001,1.0800000000000001,1.0900000000000001,1.1000000000000001,1.1100000000000001,1.1200000000000001,1.1300000000000001,1.1400000000000001,1.1500000000000001,1.1600000000000001,1.1700000000000002,1.1800000000000002,1.1899999999999999,1.2,1.21,1.22,1.23,1.24,1.25,1.26,1.27,1.28,1.29,1.3,1.3100000000000001,1.3200000000000001,1.3300000000000001,1.3400000000000001,1.3500000000000001,1.3600000000000001,1.3700000000000001,1.3800000000000001,1.3900000000000001,1.4000000000000001,1.4100000000000001,1.4200000000000002,1.4300000000000002,1.4399999999999999,1.45,1.46,1.47,1.48,1.49,1.5,1.51,1.52,1.53,1.54,1.55,1.5600000000000001,1.5699999999999998,1.5800000000000001,1.5899999999999999,1.6000000000000001,1.6099999999999999,1.6200000000000001,1.6299999999999999,1.6400000000000001,1.6499999999999999,1.6600000000000001,1.6699999999999999,1.6800000000000002,1.6899999999999999,1.7000000000000002,1.71,1.7200000000000002,1.73,1.7400000000000002,1.75,1.7600000000000002,1.77,1.7800000000000002,1.79,1.8000000000000003,1.8100000000000001,1.8199999999999998,1.8300000000000001,1.8399999999999999,1.8500000000000001,1.8599999999999999,1.8700000000000001,1.8799999999999999,1.8900000000000001,1.8999999999999999,1.9100000000000001,1.9199999999999999,1.9300000000000002,1.9399999999999999,1.9500000000000002,1.96,1.9700000000000002,1.98,1.9900000000000002,2.0,2.0100000000000002,2.02,2.0300000000000002,2.04,2.0500000000000003,2.0600000000000001,2.0699999999999998,2.0800000000000001,2.0899999999999999,2.1000000000000001,2.1099999999999999,2.1200000000000001,2.1299999999999999,2.1400000000000001,2.1499999999999999,2.1600000000000001,2.1699999999999999,2.1800000000000002,2.1899999999999999,2.2000000000000002,2.21,2.2200000000000002,2.23,2.2400000000000002,2.25,2.2600000000000002,2.27,2.2800000000000002,2.29,2.3000000000000003,2.3100000000000001,2.3199999999999998,2.3300000000000001,2.3399999999999999,2.3500000000000001,2.3599999999999999,2.3700000000000001,2.3799999999999999,2.3900000000000001,2.3999999999999999,2.4100000000000001,2.4199999999999999,2.4300000000000002,2.4399999999999999,2.4500000000000002,2.46,2.4700000000000002,2.48,2.4900000000000002,2.5,2.5100000000000002,2.52,2.5300000000000002,2.54,2.5500000000000003,2.5600000000000001,2.5699999999999998,2.5800000000000001,2.5899999999999999,2.6000000000000001,2.6099999999999999,2.6200000000000001,2.6299999999999999,2.6400000000000001,2.6499999999999999,2.6600000000000001,2.6699999999999999,2.6800000000000002,2.6899999999999999,2.7000000000000002,2.71,2.7200000000000002,2.73,2.7400000000000002,2.75,2.7600000000000002,2.77,2.7800000000000002,2.79,2.8000000000000003,2.8100000000000001,2.8199999999999998,2.8300000000000001,2.8399999999999999,2.8500000000000001,2.8599999999999999,2.8700000000000001,2.8799999999999999,2.8900000000000001,2.8999999999999999,2.8999999999999999,2.9199999999999999,2.9399999999999999,2.9399999999999999,2.9500000000000002,2.9700000000000002,2.9700000000000002,2.98,3.0,3.0,3.0100000000000002,3.02,3.04,3.04,3.0500000000000003,3.0600000000000001,3.0600000000000001,3.0800000000000001,3.0899999999999999,3.1099999999999999,3.1099999999999999,3.1200000000000001,3.1299999999999999,3.1499999999999999,3.1499999999999999,3.1600000000000001,3.1800000000000002,3.1800000000000002,3.1899999999999999,3.2000000000000002,3.2200000000000002,3.2200000000000002,3.23,3.2400000000000002,3.2600000000000002,3.2600000000000002,3.27,3.2800000000000002,3.3000000000000003,3.3000000000000003,3.3100000000000001,3.3199999999999998,3.3300000000000001,3.3500000000000001,3.3500000000000001,3.3599999999999999,3.3700000000000001,3.3799999999999999,3.3799999999999999,3.3999999999999999,3.4100000000000001,3.4199999999999999,3.4399999999999999,3.4399999999999999,3.4500000000000002,3.46,3.4700000000000002,3.4900000000000002,3.4900000000000002,3.5,3.5100000000000002,3.52,3.5300000000000002,3.54,3.54,3.5600000000000001,3.5699999999999998,3.5799999999999996,3.6000000000000001,3.6000000000000001,3.6099999999999999,3.6199999999999997,3.6300000000000003,3.6400000000000001,3.6599999999999997,3.6599999999999997,3.6700000000000004,3.6800000000000002,3.6899999999999999,3.6999999999999997,3.7100000000000004,3.73,3.73,3.7399999999999998,3.7500000000000004,3.7600000000000002,3.77,3.7799999999999998,3.7900000000000005,3.8100000000000001,3.8100000000000001,3.8199999999999998,3.8299999999999996,3.8400000000000003,3.8500000000000001,3.8599999999999999,3.8699999999999997,3.8800000000000003,3.8999999999999999,3.8999999999999999,3.9099999999999997,3.9200000000000004,3.9300000000000002,3.9399999999999999,3.9499999999999997,3.9600000000000004,3.9700000000000002,3.98,4.0,4.0,4.0099999999999998,4.0199999999999996,4.0299999999999994,4.04,4.0599999999999996,4.0599999999999996,4.0699999999999994,4.0799999999999992,4.0899999999999999,4.1099999999999994,4.1099999999999994,4.1199999999999992,4.1299999999999999,4.1399999999999997,4.1499999999999995,4.1699999999999999,4.1699999999999999,4.1799999999999997,4.1899999999999995,4.1999999999999993,4.21,4.2299999999999995,4.2299999999999995,4.2399999999999993,4.25,4.2599999999999998,4.2699999999999996,4.2799999999999994,4.2999999999999998,4.2999999999999998,4.3099999999999996,4.3199999999999994,4.3299999999999992,4.3399999999999999,4.3499999999999996,4.3699999999999992,4.3699999999999992,4.3799999999999999,4.3899999999999997,4.3999999999999995,4.4099999999999993,4.4199999999999999,4.4399999999999995,4.4399999999999995,4.4499999999999993,4.46,4.4699999999999998,4.4799999999999995,4.4899999999999993,4.5,4.5099999999999998,4.5299999999999994,4.5299999999999994,4.54,4.5499999999999998,4.5599999999999996,4.5699999999999994,4.5799999999999992,4.5899999999999999,4.5999999999999996,4.6199999999999992,4.6199999999999992,4.6299999999999999,4.6399999999999997,4.6499999999999995,4.6599999999999993,4.6699999999999999,4.6799999999999997,4.6899999999999995,4.6999999999999993,4.7199999999999998,4.7199999999999998,4.7299999999999995,4.7399999999999993,4.75,4.7599999999999998,4.7699999999999996,4.7799999999999994,4.79,4.7999999999999998,4.8099999999999996,4.8199999999999994,4.8299999999999992,4.8499999999999996,4.8499999999999996,4.8599999999999994,4.8699999999999992,4.8799999999999999,4.8899999999999997,4.8999999999999995,4.9099999999999993,4.9199999999999999,4.9299999999999997,4.9399999999999995,4.9499999999999993,4.96,4.9699999999999998,4.9799999999999995,4.9899999999999993,5.0099999999999998,5.0099999999999998,5.0199999999999996,5.0299999999999994,5.04,5.0499999999999998,5.0599999999999996,5.0699999999999994,5.0799999999999992,5.0899999999999999,5.0999999999999996,5.1099999999999994,5.1199999999999992,5.1299999999999999,5.1399999999999997,5.1499999999999995,5.1599999999999993,5.1699999999999999,5.1799999999999997,5.1899999999999995,5.1999999999999993,5.21,5.2199999999999998,5.2299999999999995,5.2399999999999993,5.25,5.2599999999999998,5.2699999999999996,5.2799999999999994,5.29,5.2999999999999998,5.3099999999999996,5.3199999999999994,5.3299999999999992,5.3399999999999999,5.3499999999999996,5.3599999999999994,5.3699999999999992,5.3799999999999999,5.3899999999999997,5.3999999999999995,5.4099999999999993,5.4199999999999999,5.4299999999999997,5.4399999999999995,5.4499999999999993,5.46,5.4699999999999998,5.4799999999999995,5.4899999999999993,5.5,5.5099999999999998,5.5199999999999996,5.5299999999999994,5.54,5.5499999999999998,5.5599999999999996,5.5699999999999994,5.5799999999999992,5.5899999999999999,5.5999999999999996,5.6099999999999994,5.6199999999999992,5.6299999999999999,5.6399999999999997,5.6499999999999995,5.6599999999999993,5.6699999999999999,5.6799999999999997,5.6899999999999995,5.6999999999999993,5.71,5.7199999999999998,5.7299999999999995,5.7399999999999993,5.75,5.7599999999999998,5.7699999999999996,5.7799999999999994,5.79,5.7999999999999998,5.8099999999999996,5.8199999999999994,5.8299999999999992,5.8399999999999999,5.8499999999999996,5.8599999999999994,5.8699999999999992,5.8799999999999999,5.8899999999999997,5.8999999999999995,5.9099999999999993,5.9199999999999999,5.9299999999999997,5.9399999999999995,5.9499999999999993,5.96,5.9699999999999998,5.9799999999999995,5.9899999999999993,6.0,6.0099999999999998,6.0199999999999996,6.0299999999999994,6.04,6.0499999999999998,6.0599999999999996,6.0699999999999994,6.0799999999999992,6.0899999999999999,6.0999999999999996,6.1099999999999994,6.1199999999999992,6.1299999999999999,6.1399999999999997,6.1499999999999995,6.1599999999999993,6.1699999999999999,6.1799999999999997,6.1899999999999995,6.1999999999999993,6.21,6.2199999999999998,6.2299999999999995,6.2399999999999993,6.25,6.2599999999999998,6.2699999999999996,6.2799999999999994,6.29,6.2999999999999998,6.3099999999999996,6.3199999999999994,6.3299999999999992,6.3399999999999999,6.3499999999999996,6.3599999999999994,6.3699999999999992,6.3799999999999999,6.3899999999999997,6.3999999999999995,6.4099999999999993,6.4199999999999999,6.4299999999999997,6.4399999999999995,6.4499999999999993,6.46,6.4699999999999998,6.4799999999999995,6.4899999999999993,6.5,6.5099999999999998,6.5199999999999996,6.5299999999999994,6.54,6.5499999999999998,6.5599999999999996,6.5699999999999994,6.5799999999999992,6.5899999999999999,6.5999999999999996,6.6099999999999994,6.6199999999999992,6.6299999999999999,6.6399999999999997,6.6499999999999995,6.6599999999999993,6.6699999999999999,6.6799999999999997,6.6899999999999995,6.6999999999999993,6.71,6.7199999999999998,6.7299999999999995,6.7399999999999993,6.75,6.7599999999999998,6.7699999999999996,6.7799999999999994,6.79,6.7999999999999998,6.8099999999999996,6.8199999999999994,6.8299999999999992,6.8399999999999999,6.8499999999999996,6.8599999999999994,6.8699999999999992,6.8799999999999999,6.8899999999999997,6.8999999999999995,6.9099999999999993,6.9199999999999999,6.9299999999999997,6.9399999999999995,6.9499999999999993,6.96,6.9699999999999998,6.9799999999999995,6.9899999999999993,7.0,7.0099999999999998,7.0199999999999996,7.0299999999999994,7.04,7.0499999999999998,7.0599999999999996,7.0699999999999994,7.0799999999999992,7.0899999999999999,7.0999999999999996,7.1099999999999994,7.1199999999999992,7.1299999999999999,7.1399999999999997,7.1499999999999995,7.1599999999999993,7.1699999999999999,7.1799999999999997,7.1899999999999995,7.1999999999999993,7.21,7.2199999999999998,7.2299999999999995,7.2399999999999993,7.25,7.2599999999999998,7.2699999999999996,7.2799999999999994,7.29,7.2999999999999998,7.3099999999999996,7.3199999999999994,7.3299999999999992,7.3399999999999999,7.3499999999999996,7.3599999999999994,7.3699999999999992,7.3799999999999999,7.3899999999999997,7.3999999999999995,7.4099999999999993,7.4199999999999999,7.4299999999999997,7.4399999999999995,7.4499999999999993,7.46,7.4699999999999998,7.4799999999999995,7.4899999999999993,7.5,7.5099999999999998,7.5199999999999996,7.5299999999999994,7.54,7.5499999999999998,7.5599999999999996,7.5699999999999994,7.5799999999999992,7.589999999999999,7.5999999999999988,7.6100000000000003,7.6200000000000001,7.6299999999999999,7.6399999999999997,7.6499999999999995,7.6599999999999993,7.669999999999999,7.6799999999999988,7.6900000000000004,7.7000000000000002,7.71,7.7199999999999998,7.7299999999999995,7.7399999999999993,7.7499999999999991,7.7599999999999989,7.7700000000000005,7.7800000000000002,7.79,7.7999999999999998,7.8099999999999996,7.8199999999999994,7.8299999999999992,7.839999999999999,7.8499999999999988,7.8600000000000003,7.8700000000000001,7.8799999999999999,7.8899999999999997,7.8999999999999995,7.9099999999999993,7.919999999999999,7.9299999999999988,7.9400000000000004,7.9500000000000002,7.96,7.9699999999999998,7.9799999999999995,7.9899999999999993,7.9999999999999991,8.0099999999999998,8.0200000000000014,8.0300000000000011,8.0400000000000009,8.0500000000000007,8.0600000000000005,8.0700000000000003,8.0800000000000001,8.0899999999999999,8.0999999999999996,8.1100000000000012,8.120000000000001,8.1300000000000008,8.1400000000000006,8.1500000000000004,8.1600000000000001,8.1699999999999999,8.1799999999999997,8.1900000000000013,8.2000000000000011,8.2100000000000009,8.2200000000000006,8.2300000000000004,8.2400000000000002,8.25,8.2599999999999998,8.2700000000000014,8.2800000000000011,8.2900000000000009,8.3000000000000007,8.3100000000000005,8.3200000000000003,8.3300000000000001,8.3399999999999999,8.3499999999999996,8.3600000000000012,8.370000000000001,8.3800000000000008,8.3900000000000006,8.4000000000000004,8.4100000000000001,8.4199999999999999,8.4299999999999997,8.4400000000000013,8.4500000000000011,8.4600000000000009,8.4700000000000006,8.4800000000000004,8.4900000000000002,8.5,8.5099999999999998,8.5200000000000014,8.5300000000000011,8.5400000000000009,8.5500000000000007,8.5600000000000005,8.5700000000000003,8.5800000000000001,8.5899999999999999,8.5999999999999996,8.6100000000000012,8.620000000000001,8.6300000000000008,8.6400000000000006,8.6500000000000004,8.6600000000000001,8.6699999999999999,8.6799999999999997,8.6900000000000013,8.7000000000000011,8.7100000000000009,8.7200000000000006,8.7300000000000004,8.7400000000000002,8.75,8.7599999999999998,8.7700000000000014,8.7800000000000011,8.7900000000000009,8.8000000000000007,8.8100000000000005,8.8200000000000003,8.8300000000000001,8.8399999999999999,8.8499999999999996,8.8600000000000012,8.870000000000001,8.8800000000000008,8.8900000000000006,8.9000000000000004,8.9100000000000001,8.9199999999999999,8.9299999999999997,8.9400000000000013,8.9500000000000011,8.9600000000000009,8.9700000000000006,8.9800000000000004,8.9900000000000002,9.0,9.0099999999999998,9.0200000000000014,9.0300000000000011,9.0400000000000009,9.0500000000000007,9.0600000000000005,9.0700000000000003,9.0800000000000001,9.0899999999999999,9.0999999999999996,9.1100000000000012,9.120000000000001,9.1300000000000008,9.1400000000000006,9.1500000000000004,9.1600000000000001,9.1699999999999999,9.1799999999999997,9.1900000000000013,9.2000000000000011,9.2100000000000009,9.2200000000000006,9.2300000000000004,9.2400000000000002,9.25,9.2599999999999998,9.2700000000000014,9.2800000000000011,9.2900000000000009,9.3000000000000007,9.3100000000000005,9.3200000000000003,9.3300000000000001,9.3399999999999999,9.3499999999999996,9.3600000000000012,9.370000000000001,9.3800000000000008,9.3900000000000006,9.4000000000000004,9.4100000000000001,9.4199999999999999,9.4299999999999997,9.4400000000000013,9.4500000000000011,9.4600000000000009,9.4700000000000006,9.4800000000000004,9.4900000000000002,9.5,9.5099999999999998,9.5200000000000014,9.5300000000000011,9.5400000000000009,9.5500000000000007,9.5600000000000005,9.5700000000000003,9.5800000000000001,9.5899999999999999,9.5999999999999996,9.6100000000000012,9.620000000000001,9.6300000000000008,9.6400000000000006,9.6500000000000004,9.6600000000000001,9.6699999999999999,9.6799999999999997,9.6900000000000013,9.7000000000000011,9.7100000000000009,9.7200000000000006,9.7300000000000004,9.7400000000000002,9.75,9.7599999999999998,9.7700000000000014,9.7800000000000011,9.7900000000000009,9.8000000000000007,9.8100000000000005,9.8200000000000003,9.8300000000000001,9.8399999999999999,9.8499999999999996,9.8600000000000012,9.870000000000001,9.8800000000000008,9.8900000000000006,9.9000000000000004,9.9100000000000001,9.9199999999999999,9.9299999999999997,9.9400000000000013,9.9500000000000011,9.9600000000000009,9.9700000000000006,9.9800000000000004,9.9900000000000002,10.0,10.01,10.020000000000001,10.030000000000001,10.040000000000001,10.050000000000001,10.06,10.07,10.08,10.09,10.1,10.110000000000001,10.120000000000001,10.130000000000001,10.140000000000001,10.15,10.16,10.17,10.18,10.190000000000001,10.200000000000001,10.210000000000001,10.220000000000001,10.23,10.24,10.25
HAND:
DISCHARGE:
0,203,724,1760,3451,5899,9182,13391,18622,24970,32536,41425,51787,63804,77565,93051,110355,129887,151857,176346,203563,233508,266100,301501,339882,381227,425510,472690,522934,576531,633844,695237,760965,830974,904923,982542,1063582,1148125,1236874,1330399,1428269,1530225,1636874,1748331,1864306,1984736,2109568,2238468,2370367
STAGE:
0.0,1.0,2.0,3.0,4.0,5.0,6.0,7.0,8.0,9.0,10.0,11.0,12.0,13.0,14.0,15.0,16.0,17.0,18.0,19.0,20.0,21.0,22.0,23.0,24.0,25.0,26.0,27.0,28.0,29.0,30.0,31.0,32.0,33.0,34.0,35.0,36.0,37.0,38.0,39.0,40.0,41.0,42.0,43.0,44.0,45.0,46.0,47.0,48.0
SPRNT:
DISCHARGE:
35.314670111696707,52.972005167545063,70.629340223393413,88.286675279241763,105.94401033509013,123.60134539093848,141.25868044678683,158.91601550263519,176.57335055848353,194.23068561433189,211.88802067018025,229.54535572602859,247.20269078187695,264.86002583772529,282.51736089357365,300.17469594942202,317.83203100527038,335.48936606111869,353.14670111696705,370.80403617281542,388.46137122866378,406.11870628451214,423.77604134036051,441.43337639620881,459.09071145205718,476.74804650790554,494.40538156375391,512.06271661960227,529.72005167545058,547.377386731299,565.0347217871473,582.69205684299561,600.34939189884403,618.00672695469234,635.66406201054076,653.32139706638907,670.97873212223737,688.6360671780858,706.2934022339341,723.95073728978252,741.60807234563083,759.26540740147914,776.92274245732756,794.58007751317587,812.23741256902429,829.89474762487259,847.55208268072101,865.20941773656932,882.86675279241763,900.52408784826605,918.18142290411436,935.83875795996278,953.49609301581108,971.15342807165939,988.81076312750781,1006.4680981833561,1024.1254332392045,1041.7827682950528,1059.4401033509012,1077.0974384067495,1094.754773462598,1112.4121085184463,1130.0694435742946,1147.7267786301429,1165.3841136859912,1183.0414487418398,1200.6987837976881,1218.3561188535364,1236.0134539093847,1253.670788965233,1271.3281240210815,1288.9854590769298,1306.6427941327781,1324.3001291886264,1341.9574642444747,1359.6147993003233,1377.2721343561716,1394.9294694120199,1412.5868044678682,1430.2441395237165,1447.901474579565,1465.5588096354134,1483.2161446912617,1500.87347974711,1518.5308148029583,1536.1881498588068,1553.8454849146551,1571.5028199705034,1589.1601550263517,1606.8174900822,1624.4748251380486,1642.1321601938969,1659.7894952497452,1677.4468303055935,1695.104165361442,1712.7615004172903,1730.4188354731386,1748.0761705289869,1765.7335055848353,1783.3908406406838,1801.0481756965321,1818.7055107523804,1836.3628458082287,1854.020180864077,1871.6775159199256,1889.3348509757739,1906.9921860316222,1924.6495210874705,1942.3068561433188,1959.9641911991673,1977.6215262550156,1995.2788613108639,2012.9361963667122,2030.5935314225605,2048.2508664784091,2065.9082015342574,2083.5655365901057,2101.222871645954,2118.8802067018023,2136.5375417576506,2154.1948768134989,2171.8522118693472,2189.509546925196,2207.1668819810443,2224.8242170368926,2242.4815520927409,2260.1388871485892,2277.7962222044375,2295.4535572602858,2313.1108923161341,2330.7682273719824,2348.4255624278312,2366.0828974836795,2383.7402325395278,2401.3975675953761,2419.0549026512244,2436.7122377070727,2454.3695727629211,2472.0269078187694,2489.6842428746177,2507.341577930466,2524.9989129863147,2542.656248042163,2560.3135830980113,2577.9709181538597,2595.628253209708,2613.2855882655563,2630.9429233214046,2648.6002583772529,2666.2575934331012,2683.9149284889495,2701.5722635447983,2719.2295986006466,2736.8869336564949,2754.5442687123432,2772.2016037681915,2789.8589388240398,2807.5162738798881,2825.1736089357364,2842.8309439915847,2860.488279047433,2878.1456141032818,2895.8029491591301,2913.4602842149784,2931.1176192708267,2948.774954326675,2966.4322893825233,2984.0896244383716,3001.7469594942199,3019.4042945500682,3037.0616296059166,3054.7189646617653,3072.3762997176136,3090.0336347734619,3107.6909698293102,3125.3483048851585,3143.0056399410068,3160.6629749968552,3178.3203100527035,3195.9776451085518,3213.6349801644001,3231.2923152202488,3248.9496502760971,3266.6069853319455,3284.2643203877938,3301.9216554436421,3319.5789904994904,3337.2363255553387,3354.893660611187,3372.5509956670353,3390.2083307228841,3407.8656657787324,3425.5230008345807,3443.180335890429,3460.8376709462773,3478.4950060021256,3496.1523410579739,3513.8096761138222,3531.4670111696705,3549.1243462255188
STAGE:
0.42125329432000003,0.53921917736000002,0.64228020427999999,0.73536747759999999,0.82103349083999999,0.90080711543999992,0.97568900759999999,1.0463681437199999,1.1133497731599999,1.1770013500000001,1.2376083073199999,1.2953904614,1.35052169676,1.4031365278400001,1.45334322236,1.5012238013199999,1.54684716236,1.5903511007600002,1.6326575325600001,1.67402236328,1.7144685587999999,1.7540256466800002,1.7927165928,1.8305676438799998,1.86759192328,1.9038156777199999,1.9392585922400001,1.9739370710400002,2.00787079916,2.0410761808000002,2.0735696201600002,2.10537080228,2.1364895696800001,2.1669456073999998,2.1967520388000001,2.22592198724,2.2544685760799998,2.2824114903600004,2.3097540109199999,2.3365191036400002,2.36271004936,2.3883432522799999,2.41343183576,2.4379856423199997,2.46201779532,2.4855348564400002,2.5085499490399998,2.5310729156400003,2.5531365646399999,2.5749475889599998,2.5965650437199996,2.61798892892,2.6392258062399998,2.6602756756799999,2.6811450989200001,2.7018307951200002,2.7223393259600002,2.7426772531200001,2.7628380149199998,2.7828314538799996,2.80265757,2.8223196441199998,2.8418176762399998,2.8611549471999997,2.880331457,2.8993537673199996,2.9182185973199997,2.93693250868,2.9554955014000002,2.9739075754799997,2.9921720117600001,3.0102920910800002,3.0282678134399998,3.04609917884,3.06378946812,3.0813386812800001,3.0987500991600001,3.1160270026000001,3.13316611076,3.1501707044799998,3.1670407837599996,3.1837829102799997,3.2003938031999994,3.2168734625200002,3.2332251690800002,3.2494522037200002,3.2655512856,3.2815289764000002,3.2973819952799999,3.3131103422399999,3.3287205789600001,3.3442094245999998,3.3595768791599996,3.3748295043200001,3.3899640192399998,3.4049804239199992,3.4198819991999994,3.4346720259199994,3.4493472232399998,3.4639075911599999,3.4783596913600006,3.4926969621599997,3.5069292460800003,3.5210499814399996,3.5350624490800002,3.5489994574000003,3.5628708489199998,3.5766799044799997,3.5904299049199997,3.6041142885600004,3.6177363362400001,3.6312993288000004,3.6447999854000002,3.6582383060399994,3.6716208524000002,3.6849410628000001,3.6982022180800005,3.7114043182400005,3.7245506441199998,3.7376379148800001,3.75066613052,3.7636385718800001,3.7765519581199998,3.7894095700800006,3.8022146885999999,3.8149607520000002,3.8276510411200002,3.8402888368000001,3.8528675773600005,3.8653971053199996,3.8778708590000002,3.8902888384000005,3.9026543243600003,3.9149673168799999,3.9272278159600003,3.9394358215999996,3.9515913337999997,3.9636943525600001,3.9757481587200001,3.9877494714399999,3.99969829072,4.0115978974000006,4.0234450106399997,4.0352429112800001,4.0469948801599998,4.0586910747599996,4.0703413375999995,4.0819423878399999,4.0934942254799997,4.1050001313599997,4.1164535438000005,4.1278610244799996,4.13921929256,4.1505316288800005,4.1617980334400002,4.1730152254000004,4.1841832047600001,4.1953085331999995,4.20638792988,4.21741811396,4.2284023662800001,4.23934396768,4.25023963732,4.2610860943600004,4.2718931813200003,4.2826510556800006,4.2933662791199998,4.3040355708,4.31466221156,4.3252462013999997,4.3357842594800005,4.3462796666400001,4.3567324228799995,4.3671392473599999,4.3775067017599998,4.3878282243999998,4.3981103769600001,4.4083498785999993,4.4185434484799995,4.42869764828,4.4388091971599994,4.4488813759600001,4.4589109038399997,4.4688977807999999,4.4788452876800005,4.4887534244799996,4.4986189103600003,4.5084417453199999,4.5182284910400003,4.5279725858399997,4.5376904339199999,4.5473820352800001,4.5570473899199992,4.5666897786800007,4.5763059207199994,4.5858990968800004,4.5954660263199996,4.6050099898800001,4.6145277067200006,4.6240224576799998

