OBJECTID,COMID,FDATE,RESOLUTION,GNIS_ID,GNIS_NAME,LENGTHKM,REACHCODE,FLOWDIR,WBAREACOMI,FTYPE,FCODE,StreamLeve,StreamOrde,StreamCalc,FromNode,ToNode,Hydroseq,LevelPathI,Pathlength,TerminalPa,ArbolateSu,Divergence,StartFlag,TerminalFl,DnLevel,UpLevelPat,UpHydroseq,DnLevelPat,DnMinorHyd,DnDrainCou,DnHydroseq,FromMeas,ToMeas,RtnDiv,VPUIn,VPUOut,AreaSqKM,TotDASqKM,DivDASqKM,HWNodeSqKM,MAXELEVRAW,MINELEVRAW,MAXELEVSMO,MINELEVSMO,SLOPE,ELEVFIXED,HWTYPE,SLOPELENKM,Q0001A,V0001A,Qincr0001A,Q0001B,V0001B,Qincr0001B,Q0001C,V0001C,Qincr0001C,Q0001D,V0001D,Qincr0001D,Q0001E,V0001E,Qincr0001E,Q0001F,Qincr0001F,ARQ0001NAV,TEMP0001,PPT0001,PET0001,QLOSS0001,QG0001ADJ,QG0001NAV,LAT,Gageadj,avgqadj,SMGageID,SMgageq,ETFRACT1,ETFRACT2,a,b,BCF,r2,SER,NRef,gageseqp,gageseq,RPUID,Shape_Length
1,5781393,1999-07-02,Medium,1372659,Boggy Creek,8.151,12090205000154,With Digitized,0,StreamRiver,46003,3,1,1,630063793,630034891,630052623,630052623,469.236,630001920,8.151,0,1,0,2,0,0,630008970,0,1,630009775,0,100,0,0,0,12.3111,12.3111,12.3111,1.575,22518,16144,22518,16144,0.0079665,0,H,8.001000404,0.606,0.81511,0.60639,0.606,0.81511,0.60639,0.606,0.81511,0.60639,0.606,0.81511,0.60639,0.606,0.81511,0.60639,0.606,0.60639,0,19.73893,888.64889,1025.71584,0,0,0,30.1858,0,0,0,0,0.300000012,0.5,0.39821,0.81793,1.26834,0.625,0.34114,63,0.200000003,0,12c,0.08041827
2,5781419,1999-07-02,Medium,1373225,Cottonmouth Creek,10.166,12090205000156,With Digitized,0,StreamRiver,46003,3,1,1,630063798,630034888,630052618,630052618,456.023,630001920,10.166,0,1,0,2,0,0,630008970,0,1,630009093,0,100,0,0,0,13.851,13.851,13.851,0.153,20148,13927,20148,13927,0.00621106,0,H,10.01599979,0.697,0.80971,0.69796,0.697,0.80971,0.69796,0.697,0.80971,0.69796,0.697,0.80971,0.69796,0.697,0.80971,0.69796,0.697,0.69796,0,19.79789,897.91761,1029.41524,0,0,0,30.1595,0,0,0,0,0.300000012,0.5,0.39821,0.81793,1.26834,0.625,0.34114,63,0.200000003,0,12c,0.097308349
3,5781437,1999-07-02,Medium,1374797,Marble Creek,0.994,12090205000159,With Digitized,0,StreamRiver,46003,3,1,1,630063799,630035033,630052617,630020719,471.101,630001920,0.994,0,1,0,3,0,0,630020719,0,1,630039738,88.25573,100,0,0,0,1.5237,1.5237,1.5237,0.279,20310,19378,20310,19378,0.01104265,0,H,0.843999982,0.076,0.63899,0.07678,0.076,0.63899,0.07678,0.076,0.63899,0.07678,0.076,0.63899,0.07678,0.076,0.63899,0.07678,0.076,0.07678,0,19.74963,903.58531,1025.12754,0,0,0,30.1146,0,0,0,0,0.300000012,0.5,0.39821,0.81793,1.26834,0.625,0.34114,63,0.200000003,0,12c,0.009088695
4,5781367,1999-07-02,Medium, , ,4.637,12090205000161,With Digitized,0,StreamRiver,46003,3,1,1,630063789,630034883,630052627,630052627,456.33,630001920,4.637,0,1,0,2,0,0,630008970,0,1,630009217,0,100,0,0,0,9.7749,9.7749,9.7749,0.7974,16939,13704,16939,13927,0.00671272,0,H,4.486999989,0.487,0.7765,0.48746,0.487,0.7765,0.48746,0.487,0.7765,0.48746,0.487,0.7765,0.48746,0.487,0.7765,0.48746,0.487,0.48746,0,19.82052,890.62339,1031.32988,0,0,0,30.1965,0,0,0,0,0.300000012,0.5,0.39821,0.81793,1.26834,0.625,0.34114,63,0.200000003,0,12c,0.044581448
5,5781345,1999-07-02,Medium,1376808,Williamson Creek,12.529,12090205000165,With Digitized,0,StreamRiver,46003,3,1,1,630063780,630034879,630052636,630027908,477.27,630001920,12.529,0,1,0,3,0,0,630027908,0,1,630039784,0,100,0,0,0,19.7883,19.7883,19.7883,0.1998,31857,20318,31857,20326,0.00931496,0,H,12.37899971,0.981,0.88805,0.98103,0.981,0.88805,0.98103,0.981,0.88805,0.98103,0.981,0.88805,0.98103,0.981,0.88805,0.98103,0.981,0.98103,0,19.57797,891.4018,1015.16385,0,0,0,30.2417,0,0,0,0,0.300000012,0.5,0.39821,0.81793,1.26834,0.625,0.34114,63,0.200000003,0,12c,0.12526469
6,5781359,1999-07-02,Medium, , ,3.242,12090205000166,With Digitized,0,StreamRiver,46003,4,1,1,630063786,630034881,630052630,630052630,461.821,630001920,3.242,0,1,0,3,0,0,630027908,0,1,630027908,0,100,0,0,0,4.6692,4.6692,4.6692,0.6021,19204,15209,19204,15209,0.01292043,0,H,3.092000008,0.229,0.74621,0.22995,0.229,0.74621,0.22995,0.229,0.74621,0.22995,0.229,0.74621,0.22995,0.229,0.74621,0.22995,0.229,0.22995,0,19.80564,883.65669,1029.82281,0,0,0,30.2053,0,0,0,0,0.300000012,0.5,0.39821,0.81793,1.26834,0.625,0.34114,63,0.200000003,0,12c,0.031988558
7,5781341,1999-07-02,Medium, , ,4.585,12090205000167,With Digitized,0,StreamRiver,46003,4,1,1,630063779,630034927,630052637,630052637,475.341,630001920,4.585,0,1,0,3,0,0,630027908,0,1,630032462,0,100,0,0,0,3.9609,3.9609,3.9609,0.6831,22494,19489,22494,19489,0.00677564,0,H,4.434999943,0.191,0.68833,0.19166,0.191,0.68833,0.19166,0.191,0.68833,0.19166,0.191,0.68833,0.19166,0.191,0.68833,0.19166,0.191,0.19166,0,19.76051,879.7463,1027.22063,0,0,0,30.2302,0,0,0,0,0.300000012,0.5,0.39821,0.81793,1.26834,0.625,0.34114,63,0.200000003,0,12c,0.046231173
8,5781353,1999-07-02,Medium, , ,9.25,12090205000168,With Digitized,0,StreamRiver,46003,4,1,1,630063784,630034879,630052632,630052632,477.27,630001920,9.25,0,1,0,3,0,0,630027908,0,1,630039784,0,100,0,0,0,20.9169,20.9169,20.9169,0.3717,28941,20326,28941,20326,0.00946703,0,H,9.100000381,1.043,0.89727,1.04275,1.043,0.89727,1.04275,1.043,0.89727,1.04275,1.043,0.89727,1.04275,1.043,0.89727,1.04275,1.043,1.04275,0,19.65377,889.4478,1020.26246,0,0,0,30.2142,0,0,0,0,0.300000012,0.5,0.39821,0.81793,1.26834,0.625,0.34114,63,0.200000003,0,12c,0.091925538
9,5781397,1999-07-02,Medium, , ,4.169,12090205000169,With Digitized,0,StreamRiver,46003,4,1,1,630063794,630034896,630052622,630052622,475.018,630001920,4.169,0,1,0,3,0,0,630022496,0,1,630022496,0,100,0,0,0,10.8648,10.8648,10.8648,1.818,21067,17656,21067,17656,0.00848718,0,H,4.019000053,0.538,0.80599,0.53884,0.538,0.80599,0.53884,0.538,0.80599,0.53884,0.538,0.80599,0.53884,0.538,0.80599,0.53884,0.538,0.53884,0,19.72688,892.2301,1024.84668,0,0,0,30.1723,0,0,0,0,0.300000012,0.5,0.39821,0.81793,1.26834,0.625,0.34114,63,0.200000003,0,12c,0.041364812
10,5781355,1999-07-02,Medium, , ,5.18,12090205000170,With Digitized,0,StreamRiver,46003,4,1,1,630063785,630034884,630052631,630052631,492.69,630001920,5.18,0,1,0,3,0,0,630022496,0,1,630027907,0,100,0,0,0,8.307,8.307,8.307,0.4311,32506,27133,32506,27133,0.0106819,0,H,5.03000021,0.409,0.79343,0.40931,0.409,0.79343,0.40931,0.409,0.79343,0.40931,0.409,0.79343,0.40931,0.409,0.79343,0.40931,0.409,0.40931,0,19.44888,901.26811,1007.00557,0,0,0,30.2298,0,0,0,0,0.300000012,0.5,0.39821,0.81793,1.26834,0.625,0.34114,63,0.200000003,0,12c,0.050497205
11,5781377,1999-07-02,Medium, , ,9.964,12090205000171,With Digitized,0,StreamRiver,46003,4,1,1,630063790,630034895,630052626,630052626,484.825,630001920,9.964,0,1,0,3,0,0,630022496,0,1,630024813,0,100,0,0,0,12.7512,12.7512,12.7512,0.4599,31259,22536,31259,22560,0.00886386,0,H,9.81400013,0.639,0.82871,0.63965,0.639,0.82871,0.63965,0.639,0.82871,0.63965,0.639,0.82871,0.63965,0.639,0.82871,0.63965,0.639,0.63965,0,19.54634,899.3513,1013.4556,0,0,0,30.1834,0,0,0,0,0.300000012,0.5,0.39821,0.81793,1.26834,0.625,0.34114,63,0.200000003,0,12c,0.097599149
12,5781415,1999-07-02,Medium, , ,7.632,12090205000182,With Digitized,0,StreamRiver,46003,5,1,1,630063797,630034903,630052619,630052619,490.061,630001920,7.632,0,1,0,4,0,0,630027904,0,1,630027904,0,100,0,0,0,9.7596,9.7596,9.7596,0.1818,30723,22360,30723,22360,0.01117749,0,H,7.481999874,0.498,0.81684,0.49857,0.498,0.81684,0.49857,0.498,0.81684,0.49857,0.498,0.81684,0.49857,0.498,0.81684,0.49857,0.498,0.49857,0,19.53208,906.7372,1012.45535,0,0,0,30.1412,0,0,0,0,0.300000012,0.5,0.39821,0.81793,1.26834,0.625,0.34114,63,0.200000003,0,12c,0.076493282
13,5781439,1999-07-02,Medium, , ,3.495,12090205000183,With Digitized,0,StreamRiver,46003,5,1,1,630063800,630034906,630052616,630052616,495.265,630001920,3.495,0,1,0,4,0,0,630027904,0,1,630032464,0,100,0,0,0,3.7512,3.7512,3.7512,0.3312,28429,24337,28429,24337,0.01223318,0,H,3.345000029,0.197,0.72342,0.19706,0.197,0.72342,0.19706,0.197,0.72342,0.19706,0.197,0.72342,0.19706,0.197,0.72342,0.19706,0.197,0.19706,0,19.51303,911.45709,1011.23937,0,0,0,30.121,0,0,0,0,0.300000012,0.5,0.39821,0.81793,1.26834,0.625,0.34114,63,0.200000003,0,12c,0.034049637
14,5781457,1999-07-02,Medium,1373812,Garlic Creek,8.962,12090205000185,With Digitized,0,StreamRiver,46003,3,1,1,630063804,630034904,630052612,630052612,481.571,630001920,8.962,0,1,0,2,0,0,630008970,0,1,630010851,0,100,0,0,0,15.6591,15.6591,15.6591,0.9684,23820,18604,23820,18604,0.0059192,0,H,8.812000275,0.814,0.82146,0.81435,0.814,0.82146,0.81435,0.814,0.82146,0.81435,0.814,0.82146,0.81435,0.814,0.82146,0.81435,0.814,0.81435,0,19.6814,907.1972,1021.0505,0,0,0,30.1025,0,0,0,0,0.300000012,0.5,0.39821,0.81793,1.26834,0.625,0.34114,63,0.200000003,0,12c,0.088041385
15,5781469,1999-07-02,Medium, , ,3.78,12090205000186,With Digitized,0,StreamRiver,46003,3,1,1,630063808,630034918,630052608,630052608,495.449,630001920,3.78,0,1,0,2,0,0,630008970,0,1,630012285,0,100,0,0,0,3.9906,3.9906,3.9906,0.6822,24996,22390,24996,22390,0.00717906,0,H,3.630000114,0.21,0.69522,0.21002,0.21,0.69522,0.21002,0.21,0.69522,0.21002,0.21,0.69522,0.21002,0.21,0.69522,0.21002,0.21,0.21002,0,19.62009,912.58561,1017.24755,0,0,0,30.0903,0,0,0,0,0.300000012,0.5,0.39821,0.81793,1.26834,0.625,0.34114,63,0.200000003,0,12c,0.035873286
16,5781489,1999-07-02,Medium,1342298,Mustang Branch,13.154,12090205000200,With Digitized,0,StreamRiver,46003,3,1,1,630063809,630034917,630052607,630052607,492.826,630001920,13.154,0,1,0,2,0,0,630008970,0,1,630011089,0,100,0,0,0,21.5883,21.5883,21.5883,0.0756,26901,20988,26901,20988,0.00454706,0,H,13.00399971,1.136,0.83858,1.13621,1.136,0.83858,1.13621,1.136,0.83858,1.13621,1.136,0.83858,1.13621,1.136,0.83858,1.13621,1.136,1.13621,0,19.63224,918.86299,1017.74584,0,0,0,30.048,0,0,0,0,0.300000012,0.5,0.39821,0.81793,1.26834,0.625,0.34114,63,0.200000003,0,12c,0.127238554
17,5781461,1999-07-02,Medium,1375743,Rinard Creek,4.08,12090205000202,With Digitized,0,StreamRiver,46003,3,1,1,630063805,630034905,630052611,630024812,478.999,630001920,4.08,0,1,0,3,0,0,630024812,0,1,630024812,0,100,0,0,0,5.787,5.787,5.787,0.1926,21454,18913,21454,18913,0.00646564,0,H,3.930000067,0.291,0.72123,0.29161,0.291,0.72123,0.29161,0.291,0.72123,0.29161,0.291,0.72123,0.29161,0.291,0.72123,0.29161,0.291,0.29161,0,19.7358,906.3875,1024.23358,0,0,0,30.0955,0,0,0,0,0.300000012,0.5,0.39821,0.81793,1.26834,0.625,0.34114,63,0.200000003,0,12c,0.038115979
18,5781953,2008-06-13,Medium, , ,0.209,12090205000205,With Digitized,5780973,ArtificialPath,55800,4,1,1,630063821,630034912,630052595,630027903,483.589,630001920,0.209,0,1,0,4,0,0,630027903,0,1,630039781,85.06982,100,0,0,0,0.8451,0.8451,0.8451,0.819,21308,21286,21308,21286,0.00372881,0,H,0.059,0.042,0.55127,0.04258,0.042,0.55127,0.04258,0.042,0.55127,0.04258,0.042,0.55127,0.04258,0.042,0.55127,0.04258,0.042,0.04258,0,19.70119,907.56658,1022.18928,0,0,0,30.0874,0,0,0,0,0.300000012,0.5,0.39821,0.81793,1.26834,0.625,0.34114,63,0.200000003,0,12c,0.00189399
19,5781413,1999-07-02,Medium, , ,2.954,12090205000206,With Digitized,0,StreamRiver,46003,3,1,1,630063796,630034928,630052620,630052620,467.702,630001920,2.954,0,1,0,2,0,0,630008970,0,1,630009628,0,100,0,0,0,2.1447,2.1447,2.1447,0.2502,18998,16134,18998,16134,0.01021398,0,H,2.803999901,0.108,0.66187,0.10807,0.108,0.66187,0.10807,0.108,0.66187,0.10807,0.108,0.66187,0.10807,0.108,0.66187,0.10807,0.108,0.10807,0,19.80618,895.0812,1029.5173,0,0,0,30.1521,0,0,0,0,0.300000012,0.5,0.39821,0.81793,1.26834,0.625,0.34114,63,0.200000003,0,12c,0.027787258
20,5781385,2000-09-07,Medium,1375298,Onion Creek,14.72,12090205000076,With Digitized,0,StreamRiver,46006,2,4,4,630034888,630035027,630009093,630008970,441.303,630001920,479.85,0,0,0,2,630008970,630009217,630008970,0,1,630008970,0.38584,100,0,0,0,29.9412,893.6442,893.6442,,-9998,11398,13927,11578,0.00159578,0, ,14.72000027,45.316,1.36113,1.50838,45.316,1.36113,1.50838,71.804,1.40112,2.17444,71.804,1.40112,2.17444,85.41,1.41659,2.17444,85.41,2.17444,0,19.8283,900.40169,1031.91692,0,0,0,30.1859,0,0,0,0,0.300000012,0.5,0.39821,0.81793,1.26834,0.625,0.34114,63,0.200000003,0,12c,0.144472877
21,5781371,1999-07-02,Medium,1375298,Onion Creek,0.307,12090205000077,With Digitized,0,StreamRiver,46006,2,4,4,630034883,630034888,630009217,630008970,456.023,630001920,454.964,0,0,0,2,630008970,630009352,630008970,0,1,630009093,0,100,0,0,0,0.0819,849.852,849.852,,-9998,13610,13927,13927,0.00001,0, ,0.307000011,43.11,0.77295,0.00412,43.11,0.77295,0.00412,68.932,0.79095,0.15613,68.932,0.79095,0.15613,82.537,0.79805,0.15613,82.537,0.15613,0,19.80037,897.66811,1030.6638,0,0,0,30.1761,0,0,0,0,0.300000012,0.5,0.39821,0.81793,1.26834,0.625,0.34114,63,0.200000003,0,12c,0.00316455
22,5781369,1999-07-02,Medium,1375298,Onion Creek,4.731,12090205000078,With Digitized,0,StreamRiver,46006,2,4,4,630034882,630034883,630009352,630008970,456.33,630001920,450.02,0,0,0,2,630008970,630009491,630008970,0,1,630009217,0,100,0,0,0,4.2822,839.9952,839.9952,,-9998,13514,14574,13927,0.00136757,0, ,4.730999947,42.618,1.32115,0.21479,42.618,1.32115,0.21479,68.288,1.36057,-4.22966,68.288,1.36057,-4.22966,81.894,1.37617,-2.63453,81.894,-2.63453,0,19.82279,893.15009,1031.24775,0,1.595,0,30.1819,2,81.894,08159000,81.806,0.300000012,0.5,0.39821,0.81793,1.26834,0.625,0.34114,63,0.200000003,0,12c,0.047837143
23,5781375,1999-07-02,Medium,1375298,Onion Creek,2.569,12090205000079,With Digitized,0,StreamRiver,46006,2,4,4,630034885,630034882,630009491,630008970,461.061,630001920,399.474,0,0,0,2,630008970,630009628,630008970,0,1,630009352,0,100,0,0,0,2.4516,756.1323,756.1323,,-9998,14531,15422,14574,0.00330089,0, ,2.569000006,38.484,1.44593,0.12162,38.484,1.44593,0.12162,62.82,1.49199,0.35888,62.82,1.49199,0.35888,92.682,1.52987,1.79476,79.009,1.79476,0,19.83874,891.1527,1031.90623,0,1.436,0,30.1783,2,0,0,0,0.300000012,0.5,0.39821,0.81793,1.26834,0.625,0.34114,63,0.200000003,0,12c,0.024199663
24,5781733,1999-07-02,Medium,1375298,Onion Creek,4.072,12090205000080,With Digitized,0,StreamRiver,46003,2,4,4,630034928,630034885,630009628,630008970,463.63,630001920,388.44,0,0,0,2,630008970,630009775,630008970,0,1,630009491,0,100,0,0,0,7.1199,742.1391,742.1391,,-9998,15081,16134,15422,0.00174852,0, ,4.072000027,37.781,1.33224,0.35466,37.781,1.33224,0.35466,61.88,1.37398,0.51252,61.88,1.37398,0.51252,91.715,1.40849,1.92184,76.633,1.92184,0,19.82186,892.6826,1030.69401,0,1.409,0,30.1649,2,0,0,0,0.300000012,0.5,0.39821,0.81793,1.26834,0.625,0.34114,63,0.200000003,0,12c,0.039211297
25,5781395,1999-07-02,Medium,1375298,Onion Creek,1.534,12090205000081,With Digitized,0,StreamRiver,46003,2,4,4,630034891,630034928,630009775,630008970,467.702,630001920,381.414,0,0,0,2,630008970,630009924,630008970,0,1,630009628,0,100,0,0,0,1.6011,732.8745,732.8745,,-9998,15822,16144,16134,0.00006518,0, ,1.534000039,37.318,0.91352,0.07947,37.318,0.91352,0.07947,61.259,0.93831,0.31604,61.259,0.93831,0.31604,91.077,0.95887,1.70776,74.603,1.70776,0,19.81959,891.4166,1030.61395,0,1.392,0,30.1685,2,0,0,0,0.300000012,0.5,0.39821,0.81793,1.26834,0.625,0.34114,63,0.200000003,0,12c,0.015277027
26,5781403,1999-07-02,Medium,1375298,Onion Creek,2.833,12090205000082,With Digitized,0,StreamRiver,46003,2,4,4,630034894,630034891,630009924,630008970,469.236,630001920,371.729,0,0,0,2,630008970,630010082,630008970,0,1,630009775,0,100,0,0,0,4.9914,718.9623,718.9623,,-9998,15925,16637,16144,0.0017402,0, ,2.832999945,36.632,1.3241,0.24855,36.632,1.3241,0.24855,60.337,1.36599,-4.05294,60.337,1.36599,-4.05294,90.128,1.40094,-2.68764,72.289,-2.68764,0,19.79012,892.7397,1028.93275,0,1.365,0,30.1623,2,0,0,0,0.300000012,0.5,0.39821,0.81793,1.26834,0.625,0.34114,63,0.200000003,0,12c,0.02752017
27,5781409,1999-07-02,Medium,1376142,Slaughter Creek,2.949,12090205000083,With Digitized,0,StreamRiver,46003,3,2,2,630034896,630034894,630022496,630022496,472.069,630001920,46.421,0,0,0,2,630022496,630024813,630008970,0,1,630009924,0,100,0,0,0,1.9476,79.4646,79.4646,,-9998,16637,17656,16637,0.0034554,0, ,2.948999882,3.968,0.9902,0.09787,3.968,0.9902,0.09787,9.796,1.04198,0.7669,9.796,1.04198,0.7669,13.975,1.0634,0.7669,13.975,0.7669,0,19.79809,895.014,1029.29965,0,0,0,30.1516,0,0,0,0,0.300000012,0.5,0.39821,0.81793,1.26834,0.625,0.34114,63,0.200000003,0,12c,0.028994627
28,5781407,1999-07-02,Medium,1376142,Slaughter Creek,9.807,12090205000084,With Digitized,0,StreamRiver,46003,3,2,2,630034895,630034896,630024813,630022496,475.018,630001920,39.303,0,0,0,3,630022496,630027907,630022496,0,1,630022496,0,100,0,0,0,19.2159,66.6522,66.6522,,-9998,17654,22560,17656,0.0050005,0, ,9.80700016,3.331,1.00289,0.96658,3.331,1.00289,0.96658,8.49,1.05757,2.89426,8.49,1.05757,2.89426,12.67,1.08226,2.89426,12.67,2.89426,0,19.70927,894.84529,1023.49435,0,0,0,30.1676,0,0,0,0,0.300000012,0.5,0.39821,0.81793,1.26834,0.625,0.34114,63,0.200000003,0,12c,0.096491221
29,5781373,1999-07-02,Medium,1376142,Slaughter Creek,7.865,12090205000085,With Digitized,0,StreamRiver,46003,3,2,2,630034884,630034895,630027907,630022496,484.825,630001920,19.532,0,0,0,3,630022496,630032467,630022496,0,1,630024813,0,100,0,0,0,14.67,34.6851,34.6851,,-9998,22560,27133,22560,0.00581436,0, ,7.864999771,1.725,0.92037,0.73614,1.725,0.92037,0.73614,4.957,0.975,3.96744,4.957,0.975,3.96744,9.136,1.00885,8.14671,9.136,8.14671,0,19.56079,896.56361,1014.3848,0,4.179,0,30.2014,2,9.136,08158840,5.515,0.300000012,0.5,0.39821,0.81793,1.26834,0.625,0.34114,63,0.200000003,0,12c,0.077240938
30,5781927,2008-06-13,Medium,1376142,Slaughter Creek,0.202,12090205000086,With Digitized,5780745,ArtificialPath,55800,3,1,1,630035025,630034880,630039740,630022496,495.207,630001920,3.97,0,0,0,3,630022496,630052633,630022496,0,1,630032467,38.80343,41.9244,0,0,0,0.9018,9.3528,9.3528,,-9998,28603,28622,28603,0.00094059,0, ,0.202000007,0.463,0.64725,0.04443,0.463,0.64725,0.04443,0.463,0.64725,0.04443,0.463,0.64725,0.04443,0.463,0.64725,0.04443,0.463,0.04443,0,19.443,903.0256,1006.89996,0,0,0,30.21,0,0,0,0,0.300000012,0.5,0.39821,0.81793,1.26834,0.625,0.34114,63,0.200000003,0,12c,0.002040907
31,5781357,1999-07-02,Medium,1376142,Slaughter Creek,2.517,12090205000086,With Digitized,0,StreamRiver,46003,3,1,1,630034880,630034884,630032467,630022496,492.69,630001920,6.487,0,0,0,3,630022496,630039740,630022496,0,1,630027907,0,38.80343,0,0,0,2.3553,11.7081,11.7081,,-9998,27096,28603,27133,0.00584028,0, ,2.51699996,0.579,0.78535,0.11624,0.579,0.78535,0.11624,0.579,0.78535,0.11624,0.579,0.78535,0.11624,0.579,0.78535,0.11624,0.579,0.11624,0,19.49835,901.4735,1010.27514,0,0,0,30.2088,0,0,0,0,0.300000012,0.5,0.39821,0.81793,1.26834,0.625,0.34114,63,0.200000003,0,12c,0.0253863
32,5781411,1999-07-02,Medium,1375298,Onion Creek,1.55,12090205000087,With Digitized,0,StreamRiver,46003,2,4,4,630034897,630034894,630010082,630008970,472.069,630001920,322.475,0,0,0,2,630008970,630010247,630008970,0,1,630009924,0,100,0,0,0,1.3851,634.5063,634.5063,,-9998,16464,16652,16637,0.00009677,0, ,1.549999952,32.415,0.93194,0.06979,32.415,0.93194,0.06979,54.593,0.95883,0.48926,54.593,0.95883,0.48926,80.045,0.97931,1.69418,61.001,1.69418,0,19.828,895.9536,1030.68325,0,1.205,0,30.1469,2,0,0,0,0.300000012,0.5,0.39821,0.81793,1.26834,0.625,0.34114,63,0.200000003,0,12c,0.015059975
33,5781421,1999-07-02,Medium,1375298,Onion Creek,4.503,12090205000088,With Digitized,0,StreamRiver,46003,2,4,4,630034899,630034897,630010247,630008970,473.619,630001920,306.666,0,0,0,2,630008970,630010434,630008970,0,1,630010082,0,100,0,0,0,7.2297,612.7065,612.7065,,-9998,16630,17468,16652,0.00181212,0, ,4.502999783,31.317,1.29403,0.36431,31.317,1.29403,0.36431,53.075,1.33706,0.50555,53.075,1.33706,0.50555,78.486,1.37018,1.66907,58.278,1.66907,0,19.81451,898.96559,1029.4062,0,1.164,0,30.1326,2,0,0,0,0.300000012,0.5,0.39821,0.81793,1.26834,0.625,0.34114,63,0.200000003,0,12c,0.044368378
34,5781939,2008-06-13,Medium,1375298,Onion Creek,0.967,12090205000089,With Digitized,5780875,ArtificialPath,55800,2,4,4,630035031,630034899,630010434,630008970,478.122,630001920,302.163,0,0,0,2,630008970,630010637,630008970,0,1,630010247,0,100,0,0,0,2.9376,605.4768,605.4768,,-9998,17468,17468,17468,0.00001,0, ,0.967000008,30.952,0.73841,0.14802,30.952,0.73841,0.14802,52.57,0.75726,0.20572,52.57,0.75726,0.20572,77.967,0.77182,1.35552,56.609,1.35552,0,19.80239,898.13979,1028.74759,0,1.15,0,30.138,2,0,0,0,0.300000012,0.5,0.39821,0.81793,1.26834,0.625,0.34114,63,0.200000003,0,12c,0.009866251
35,5781423,1999-07-02,Medium,1375298,Onion Creek,1.258,12090205000090,With Digitized,0,StreamRiver,46006,2,4,4,630034900,630035031,630010637,630008970,479.089,630001920,301.196,0,0,0,2,630008970,630010851,630008970,0,1,630010434,0,100,0,0,0,3.3489,602.5392,602.5392,,-9998,17463,18032,17468,0.0044833,0, ,1.258000016,30.804,1.44238,0.16875,30.804,1.44238,0.16875,52.364,1.49218,-5.26814,52.364,1.49218,-5.26814,77.755,1.5307,-4.12393,55.254,-4.12393,0,19.78139,899.9226,1027.36935,0,1.144,0,30.1295,2,0,0,0,0.300000012,0.5,0.39821,0.81793,1.26834,0.625,0.34114,63,0.200000003,0,12c,0.012487559
36,5781425,1999-07-02,Medium,1372438,Bear Creek,2.111,12090205000091,With Digitized,0,StreamRiver,46003,3,3,3,630034901,630034900,630020718,630020718,480.347,630001920,81.174,0,0,0,2,630020718,630022495,630008970,0,1,630010637,0,100,0,0,0,2.4489,130.9212,130.9212,,-9998,18032,18809,18032,0.00368072,0, ,2.111000061,6.69,1.08224,0.12472,6.69,1.08224,0.12472,15.017,1.13461,-1.75597,15.017,1.13461,-1.75597,17.202,1.14376,-1.75597,15.017,-1.75597,0,19.77526,900.38859,1027.00947,0,0,0,30.1295,0,0,0,0,0.300000012,0.5,0.39821,0.81793,1.26834,0.625,0.34114,63,0.200000003,0,12c,0.021388372
37,5781417,1999-07-02,Medium,1372438,Bear Creek,12.759,12090205000092,With Digitized,0,StreamRiver,46003,3,3,3,630034898,630034901,630022495,630020718,482.458,630001920,42.691,0,0,0,3,630020718,630032465,630020718,0,1,630020718,0,100,0,0,0,22.0698,68.7159,68.7159,,-9998,18809,25358,18809,0.00513284,0, ,12.75899982,3.46,1.01111,1.11814,3.46,1.01111,1.11814,8.757,1.066,3.20128,8.757,1.066,3.20128,10.943,1.0798,3.20128,8.757,3.20128,0,19.63125,900.8949,1018.5062,0,0,0,30.1544,0,0,0,0,0.300000012,0.5,0.39821,0.81793,1.26834,0.625,0.34114,63,0.200000003,0,12c,0.125457685
38,5781389,1999-07-02,Medium,1372438,Bear Creek,0.246,12090205000093,With Digitized,0,StreamRiver,46003,3,2,2,630034890,630034898,630032465,630020718,495.217,630001920,10.313,0,0,0,3,630020718,630039783,630020718,0,1,630022495,0,100,0,0,0,0.0792,12.7089,12.7089,,-9998,25358,25722,25358,0.01479674,0, ,0.246000007,0.629,0.87188,0.00399,0.629,0.87188,0.00399,0.629,0.87188,0.00399,0.629,0.87188,0.00399,0.629,0.87188,0.00399,0.629,0.00399,0,19.56267,903.122,1014.00112,0,0,0,30.1704,0,0,0,0,0.300000012,0.5,0.39821,0.81793,1.26834,0.625,0.34114,63,0.200000003,0,12c,0.002538641
39,5781387,1999-07-02,Medium,1372438,Bear Creek,1.355,12090205000094,With Digitized,0,StreamRiver,46003,3,1,1,630034889,630034890,630039783,630020718,495.463,630001920,6.501,0,0,0,3,630020718,630052629,630020718,0,1,630032465,0,20.83145,0,0,0,2.1834,9.7353,9.7353,,-9998,25722,26778,25722,0.00779335,0, ,1.355000019,0.481,0.78697,0.10894,0.481,0.78697,0.10894,0.481,0.78697,0.10894,0.481,0.78697,0.10894,0.481,0.78697,0.10894,0.481,0.10894,0,19.50623,902.6087,1010.63573,0,0,0,30.1811,0,0,0,0,0.300000012,0.5,0.39821,0.81793,1.26834,0.625,0.34114,63,0.200000003,0,12c,0.01261078
40,5781431,1999-07-02,Medium,1375298,Onion Creek,1.224,12090205000095,With Digitized,0,StreamRiver,46006,2,3,3,630034904,630034900,630010851,630008970,480.347,630001920,218.764,0,0,0,2,630008970,630011089,630008970,0,1,630010637,0,100,0,0,0,1.6758,468.2691,468.2691,,-9998,17847,18604,18032,0.0046732,0, ,1.223999977,23.946,1.38567,0.08486,23.946,1.38567,0.08486,42.616,1.43716,0.49911,42.616,1.43716,0.49911,65.566,1.47725,1.38835,44.361,1.38835,0,19.78168,901.7432,1027.35899,0,0.889,0,30.1204,2,0,0,0,0.300000012,0.5,0.39821,0.81793,1.26834,0.625,0.34114,63,0.200000003,0,12c,0.011317337
41,5781477,1999-07-02,Medium,1375298,Onion Creek,11.255,12090205000096,With Digitized,0,StreamRiver,46006,2,3,3,630034917,630034904,630011089,630008970,481.571,630001920,208.578,0,0,0,2,630008970,630011353,630008970,0,1,630010851,0,100,0,0,0,28.0575,450.9342,450.9342,,-9998,18436,20988,18604,0.00211816,0, ,11.25500011,23.047,1.25007,1.44552,23.047,1.25007,1.44552,41.302,1.29564,2.68851,41.302,1.29564,2.68851,64.22,1.33157,3.54483,42.158,3.54483,0,19.72088,908.5357,1023.41596,0,0.856,0,30.0861,2,0,0,0,0.300000012,0.5,0.39821,0.81793,1.26834,0.625,0.34114,63,0.200000003,0,12c,0.109696732
42,5781481,1999-07-02,Medium,1375298,Onion Creek,1.006,12090205000097,With Digitized,0,StreamRiver,46006,2,3,3,630034919,630034917,630011353,630008970,492.826,630001920,184.169,0,0,0,2,630008970,630011642,630008970,0,1,630011089,0,38.35289,0,0,0,0.7938,401.2884,401.2884,,-9998,20856,20988,20988,0.00001,0, ,1.006000042,20.465,0.69956,0.04177,20.465,0.69956,0.04177,37.477,0.7192,0.06258,37.477,0.7192,0.06258,59.539,0.7349,0.06258,37.477,0.06258,0,19.68252,913.08081,1020.9877,0,0,0,30.0707,0,0,0,0,0.300000012,0.5,0.39821,0.81793,1.26834,0.625,0.34114,63,0.200000003,0,12c,0.010169199
43,5781479,1999-07-02,Medium,1375298,Onion Creek,1.36,12090205000097,With Digitized,0,StreamRiver,46003,2,3,3,630034918,630034915,630012285,630008970,494.089,630001920,182.906,0,0,0,2,630008970,630012641,630008970,0,1,630011947,48.15124,100,0,0,0,2.4777,400.3308,400.3308,,-9998,21786,22390,21786,0.00444117,0, ,1.360000014,20.415,1.33895,0.1304,20.415,1.33895,0.1304,37.402,1.39075,0.30089,37.402,1.39075,0.30089,59.463,1.43217,0.30089,37.402,0.30089,0,19.64665,913.14209,1018.81855,0,0,0,30.0775,0,0,0,0,0.300000012,0.5,0.39821,0.81793,1.26834,0.625,0.34114,63,0.200000003,0,12c,0.01359463
44,5781475,1999-07-02,Medium,1375298,Onion Creek,0.096,12090205000097,With Digitized,0,StreamRiver,46006,2,3,3,630034916,630034919,630011642,630008970,493.832,630001920,183.163,0,0,0,2,630008970,630011947,630008970,0,1,630011353,38.35289,42.01715,0,0,0,0.0702,400.4946,400.4946,,-9998,20914,21730,20988,0.07729166,0, ,0.096000001,20.423,1.9316,0.00369,20.423,1.9316,0.00369,37.415,2.01318,0.00553,37.415,2.01318,0.00553,59.476,2.0784,0.00553,37.415,0.00553,0,19.67335,913.1909,1020.42341,0,0,0,30.0711,0,0,0,0,0.300000012,0.5,0.39821,0.81793,1.26834,0.625,0.34114,63,0.200000003,0,12c,0.000992165
45,5781473,1999-07-02,Medium,1375298,Onion Creek,0.161,12090205000097,With Digitized,0,StreamRiver,46006,2,3,3,630034915,630034916,630011947,630008970,493.928,630001920,183.067,0,0,0,2,630008970,630012285,630008970,0,1,630011642,42.01715,48.15124,0,0,0,0.0936,400.4244,400.4244,,-9998,21730,21786,21730,0.00347826,0, ,0.160999998,20.42,1.29973,0.00492,20.42,1.29973,0.00492,37.409,1.34955,0.00738,37.409,1.34955,0.00738,59.471,1.38939,0.00738,37.409,0.00738,0,19.67335,913.1909,1020.42341,0,0,0,30.0711,0,0,0,0,0.300000012,0.5,0.39821,0.81793,1.26834,0.625,0.34114,63,0.200000003,0,12c,0.001667629
46,5781471,1999-07-02,Medium,1375298,Onion Creek,1.196,12090205000098,With Digitized,0,StreamRiver,46003,2,3,3,630034914,630034918,630012641,630008970,495.449,630001920,177.766,0,0,0,2,630008970,630013024,630008970,0,1,630012285,0,100,0,0,0,3.2139,393.8625,393.8625,,-9998,22353,23159,22390,0.00642976,0, ,1.19599998,20.074,1.39727,0.16914,20.074,1.39727,0.16914,36.891,1.45229,0.66767,36.891,1.45229,0.66767,58.953,1.49656,0.66767,36.891,0.66767,0,19.62083,917.6625,1017.17696,0,0,0,30.065,0,0,0,0,0.300000012,0.5,0.39821,0.81793,1.26834,0.625,0.34114,63,0.200000003,0,12c,0.012111343
47,5781379,1999-07-02,Medium,1374797,Marble Creek,0.081,12090205000159,With Digitized,0,StreamRiver,46003,3,1,1,630034886,630034885,630020719,630020719,463.63,630001920,8.465,0,0,0,2,630020719,630022494,630008970,0,1,630009491,0,0.95315,0,0,0,0.2223,11.5416,11.5416,,-9998,15422,15808,15422,0.04765432,0, ,0.081,0.581,0.9731,0.0112,0.581,0.9731,0.0112,0.581,0.9731,0.0112,0.581,0.9731,0.0112,0.581,0.9731,0.0112,0.581,0.0112,0,19.80385,893.22799,1029.66111,0,0,0,30.1697,0,0,0,0,0.300000012,0.5,0.39821,0.81793,1.26834,0.625,0.34114,63,0.200000003,0,12c,0.000732391
48,5781943,2008-06-13,Medium,1374797,Marble Creek,0.015,12090205000159,With Digitized,-9998,ArtificialPath,55800,3,1,1,630035033,630035032,630039738,630020719,471.086,630001920,1.009,0,0,0,3,630020719,630052617,630020719,0,1,630032455,88.08096,88.25573,0,0,0,0,1.5237,1.5237,,-9998,-9998,19378,19378,-9998,0, ,0.015,0.076,0.27231,0,0.076,0.27231,0,0.076,0.27231,0,0.076,0.27231,0,0.076,0.27231,0,0.076,0,0,0,0,0,0,0,0,0,0,0,0,0,0.300000012,0.5,0.39821,0.81793,1.26834,0.625,0.34114,63,0.200000003,0,12c,0.000152692
49,5781427,1999-07-02,Medium,1374797,Marble Creek,6.869,12090205000159,With Digitized,0,StreamRiver,46003,3,1,1,630034902,630035030,630027905,630020719,463.924,630001920,8.171,0,0,0,3,630020719,630032455,630020719,0,1,630024807,3.45989,84.61671,0,0,0,9.5058,11.2194,11.2194,,-9998,16037,19151,16091,0.00445479,0, ,6.868999958,0.565,0.76146,0.47898,0.565,0.76146,0.47898,0.565,0.76146,0.47898,0.565,0.76146,0.47898,0.565,0.76146,0.47898,0.565,0.47898,0,19.79969,898.7048,1028.62828,0,0,0,30.1403,0,0,0,0,0.300000012,0.5,0.39821,0.81793,1.26834,0.625,0.34114,63,0.200000003,0,12c,0.064852849
50,5781941,2008-06-13,Medium,1374797,Marble Creek,0.293,12090205000159,With Digitized,5780907,ArtificialPath,55800,3,1,1,630035032,630034902,630032455,630020719,470.793,630001920,1.302,0,0,0,3,630020719,630039738,630020719,0,1,630027905,84.61671,88.08096,0,0,0,0.1899,1.7136,1.7136,,-9998,19151,19378,19151,0.00774744,0, ,0.293000013,0.086,0.62958,0.00956,0.086,0.62958,0.00956,0.086,0.62958,0.00956,0.086,0.62958,0.00956,0.086,0.62958,0.00956,0.086,0.00956,0,19.76993,902.2866,1026.40534,0,0,0,30.1211,0,0,0,0,0.300000012,0.5,0.39821,0.81793,1.26834,0.625,0.34114,63,0.200000003,0,12c,0.002835893
51,5781935,2008-06-13,Medium,1374797,Marble Creek,0.199,12090205000159,With Digitized,5780817,ArtificialPath,55800,3,1,1,630035029,630034886,630022494,630020719,463.711,630001920,8.384,0,0,0,3,630020719,630024807,630020719,0,1,630020719,0.95315,3.2996,0,0,0,0.0972,11.3193,11.3193,,-9998,15808,16091,15808,0.0142211,0, ,0.199000001,0.57,0.8544,0.00489,0.57,0.8544,0.00489,0.57,0.8544,0.00489,0.57,0.8544,0.00489,0.57,0.8544,0.00489,0.57,0.00489,0,19.84131,892.3904,1032.08118,0,0,0,30.17,0,0,0,0,0.300000012,0.5,0.39821,0.81793,1.26834,0.625,0.34114,63,0.200000003,0,12c,0.00192161
52,5781937,2008-06-13,Medium,1374797,Marble Creek,0.014,12090205000159,With Digitized,-9998,ArtificialPath,55800,3,1,1,630035030,630035029,630024807,630020719,463.91,630001920,8.185,0,0,0,3,630020719,630027905,630020719,0,1,630022494,3.2996,3.45989,0,0,0,0.0027,11.2221,11.2221,,-9998,16091,16091,16091,0.00001,0, ,0.014,0.565,0.48019,0.00013,0.565,0.48019,0.00013,0.565,0.48019,0.00013,0.565,0.48019,0.00013,0.565,0.48019,0.00013,0.565,0.00013,0,19.84333,892.35,1032.21176,0,0,0,30.17,0,0,0,0,0.300000012,0.5,0.39821,0.81793,1.26834,0.625,0.34114,63,0.200000003,0,12c,0.000133526
53,5781361,1999-07-02,Medium,1376808,Williamson Creek,0.76,12090205000162,With Digitized,0,StreamRiver,46003,3,2,2,630034881,630034882,630027908,630027908,461.061,630001920,45.815,0,0,0,2,630027908,630032462,630008970,0,1,630009352,0,100,0,0,0,0.3798,79.5807,79.5807,,-9998,14574,15209,14574,0.00835526,0, ,0.75999999,3.92,1.09236,0.01871,3.92,1.09236,0.01871,9.698,1.15204,0.27626,9.698,1.15204,0.27626,10.368,1.15662,0.27626,9.698,0.27626,0,19.84458,888.3787,1032.28069,0,0,0,30.1926,0,0,0,0,0.300000012,0.5,0.39821,0.81793,1.26834,0.625,0.34114,63,0.200000003,0,12c,0.006962666
54,5781731,1999-07-02,Medium,1376808,Williamson Creek,13.52,12090205000163,With Digitized,0,StreamRiver,46003,3,2,2,630034927,630034881,630032462,630027908,461.821,630001920,41.813,0,0,0,3,630027908,630039784,630027908,0,1,630027908,0,100,0,0,0,26.9073,74.5317,74.5317,,-9998,15048,19489,15209,0.00316568,0, ,13.52000046,3.671,0.9702,1.31303,3.671,0.9702,1.31303,9.192,1.02129,3.02926,9.192,1.02129,3.02926,9.861,1.02536,3.45158,9.192,3.02926,0,19.79392,883.2079,1029.20808,0,0.422,0,30.2041,2,9.861,08158970,9.506,0.300000012,0.5,0.39821,0.81793,1.26834,0.625,0.34114,63,0.200000003,1,12c,0.131866122
55,5781343,1999-07-02,Medium,1376808,Williamson Creek,1.929,12090205000164,With Digitized,0,StreamRiver,46003,3,2,2,630034879,630034927,630039784,630027908,475.341,630001920,23.708,0,0,0,3,630027908,630052636,630027908,0,1,630032462,0,100,0,0,0,2.9583,43.6635,43.6635,,-9998,19329,20326,19489,0.00433903,0, ,1.92900002,2.166,0.92414,0.14244,2.166,0.92414,0.14244,5.971,0.97685,3.94702,5.971,0.97685,3.94702,6.218,0.97905,4.19443,5.971,3.94702,0,19.74596,882.7917,1026.2053,0,0.247,0,30.2125,2,0,0,0,0.300000012,0.5,0.39821,0.81793,1.26834,0.625,0.34114,63,0.200000003,0,12c,0.019496053
56,5781429,1999-07-02,Medium,1374550,Little Bear Creek,7.603,12090205000178,With Digitized,0,StreamRiver,46003,4,2,2,630034903,630034901,630027904,630027904,482.458,630001920,36.372,0,0,0,3,630027904,630032464,630020718,0,1,630020718,0,100,0,0,0,14.6286,59.7564,59.7564,,-9998,18803,22360,18809,0.00467052,0, ,7.603000164,3.105,0.98048,0.75276,3.105,0.98048,0.75276,8.015,1.03414,2.26049,8.015,1.03414,2.26049,8.015,1.03414,2.26049,8.015,2.26049,0,19.69426,903.32041,1022.08653,0,0,0,30.1264,0,0,0,0,0.300000012,0.5,0.39821,0.81793,1.26834,0.625,0.34114,63,0.200000003,0,12c,0.074089322
57,5781435,1999-07-02,Medium,1374550,Little Bear Creek,5.204,12090205000179,With Digitized,0,StreamRiver,46003,4,2,2,630034906,630034903,630032464,630027904,490.061,630001920,21.137,0,0,0,4,630027904,630039782,630027904,0,1,630027904,0,100,0,0,0,9.2898,35.3682,35.3682,,-9998,22247,24337,22360,0.003799,0, ,5.203999996,1.854,0.88535,0.4843,1.854,0.88535,0.4843,5.256,0.93616,3.88684,5.256,0.93616,3.88684,5.256,0.93616,3.88684,5.256,3.88684,0,19.60361,907.3926,1016.75046,0,0,0,30.1245,0,0,0,0,0.300000012,0.5,0.39821,0.81793,1.26834,0.625,0.34114,63,0.200000003,0,12c,0.050614319
58,5781449,1999-07-02,Medium,1374550,Little Bear Creek,3.654,12090205000180,With Digitized,0,StreamRiver,46003,4,2,2,630034908,630034906,630039782,630027904,495.265,630001920,12.438,0,0,0,4,630027904,630052613,630027904,0,1,630032464,0,100,0,0,0,6.6501,22.3272,22.3272,,-9998,24330,26819,24337,0.00679255,0, ,3.654000044,1.172,0.87779,0.34999,1.172,0.87779,0.34999,1.172,0.87779,0.34999,1.172,0.87779,0.34999,1.172,0.87779,0.34999,1.172,0.34999,0,19.54076,914.37551,1012.75818,0,0,0,30.1051,0,0,0,0,0.300000012,0.5,0.39821,0.81793,1.26834,0.625,0.34114,63,0.200000003,0,12c,0.036528818
59,5781465,1999-07-02,Medium, , ,0.524,12090205000187,With Digitized,0,StreamRiver,46003,3,2,2,630034913,630034914,630039780,630039780,496.645,630001920,11.882,0,0,0,2,630039780,630052610,630008970,0,1,630012641,0,100,0,0,0,0.1278,15.435,15.435,,-9998,23159,23414,23159,0.00486641,0, ,0.523999989,0.808,0.80437,0.00672,0.808,0.80437,0.00672,0.808,0.80437,0.00672,0.808,0.80437,0.00672,0.808,0.80437,0.00672,0.808,0.00672,0,19.65083,915.26,1019.07097,0,0,0,30.0778,0,0,0,0,0.300000012,0.5,0.39821,0.81793,1.26834,0.625,0.34114,63,0.200000003,0,12c,0.005301505
60,5781433,1999-07-02,Medium,1375743,Rinard Creek,5.38,12090205000201,With Digitized,0,StreamRiver,46003,3,2,2,630034905,630034897,630024812,630024812,473.619,630001920,14.259,0,0,0,2,630024812,630052611,630008970,0,1,630010082,0,100,0,0,0,6.1173,20.4147,20.4147,,-9998,16652,18913,16652,0.0042026,0, ,5.380000114,1.029,0.8235,0.30825,1.029,0.8235,0.30825,1.029,0.8235,0.30825,1.029,0.8235,0.30825,1.029,0.8235,0.30825,1.029,0.30825,0,19.79863,900.6903,1028.21654,0,0,0,30.1257,0,0,0,0,0.300000012,0.5,0.39821,0.81793,1.26834,0.625,0.34114,63,0.200000003,0,12c,0.051648339
61,5781447,1999-07-02,Medium, , ,2.783,12090205000203,With Digitized,0,StreamRiver,46003,4,1,1,630034907,630034905,630027903,630027903,478.999,630001920,4.799,0,0,0,3,630027903,630032454,630024812,0,1,630024812,0,100,0,0,0,5.2299,8.5104,8.5104,,-9998,18909,19994,18913,0.00388429,0, ,2.782999992,0.428,0.72438,0.26353,0.428,0.72438,0.26353,0.428,0.72438,0.26353,0.428,0.72438,0.26353,0.428,0.72438,0.26353,0.428,0.26353,0,19.74989,903.434,1025.19284,0,0,0,30.1108,0,0,0,0,0.300000012,0.5,0.39821,0.81793,1.26834,0.625,0.34114,63,0.200000003,0,12c,0.027485273
62,5781947,2008-06-13,Medium, , ,0.619,12090205000204,With Digitized,5780945,ArtificialPath,55800,4,1,1,630035035,630034907,630032454,630027903,481.782,630001920,2.016,0,0,0,4,630027903,630039781,630027903,0,1,630027903,0,100,0,0,0,0.684,3.2805,3.2805,,-9998,19994,20346,19994,0.00568659,0, ,0.619000018,0.165,0.66344,0.03446,0.165,0.66344,0.03446,0.165,0.66344,0.03446,0.165,0.66344,0.03446,0.165,0.66344,0.03446,0.165,0.03446,0,19.74087,904.9635,1024.6318,0,0,0,30.1026,0,0,0,0,0.300000012,0.5,0.39821,0.81793,1.26834,0.625,0.34114,63,0.200000003,0,12c,0.005629873
63,5781459,1999-07-02,Medium, , ,1.188,12090205000205,With Digitized,0,StreamRiver,46003,4,1,1,630034912,630035035,630039781,630027903,482.401,630001920,1.397,0,0,0,4,630027903,630052595,630027903,0,1,630032454,0,85.06982,0,0,0,1.7514,2.5965,2.5965,,-9998,20346,21286,20346,0.00791245,0, ,1.187999964,0.13,0.66288,0.08825,0.13,0.66288,0.08825,0.13,0.66288,0.08825,0.13,0.66288,0.08825,0.13,0.66288,0.08825,0.13,0.08825,0,19.72208,906.4714,1023.44928,0,0,0,30.0943,0,0,0,0,0.300000012,0.5,0.39821,0.81793,1.26834,0.625,0.34114,63,0.200000003,0,12c,0.011206155
64,5781351,1999-07-02,Medium,1376142,Slaughter Creek,3.768,12090205000086,With Digitized,0,StreamRiver,46003,3,1,1,630063783,630035025,630052633,630022496,495.409,630001920,3.768,0,1,0,3,0,0,630022496,0,1,630039740,41.9244,100,0,0,0,8.451,8.451,8.451,0.6291,32738,28622,32738,28622,0.01137645,0,H,3.618000031,0.419,0.80053,0.41912,0.419,0.80053,0.41912,0.419,0.80053,0.41912,0.419,0.80053,0.41912,0.419,0.80053,0.41912,0.419,0.41912,0,19.37129,904.43729,1002.48682,0,0,0,30.2184,0,0,0,0,0.300000012,0.5,0.39821,0.81793,1.26834,0.625,0.34114,63,0.200000003,0,12c,0.037764267
65,5781363,1999-07-02,Medium,1372438,Bear Creek,5.146,12090205000094,With Digitized,0,StreamRiver,46003,3,1,1,630063787,630034889,630052629,630020718,496.818,630001920,5.146,0,1,0,3,0,0,630020718,0,1,630039783,20.83145,100,0,0,0,7.5519,7.5519,7.5519,0.1521,34080,26778,34080,26778,0.01461569,0,H,4.995999813,0.372,0.8072,0.37209,0.372,0.8072,0.37209,0.372,0.8072,0.37209,0.372,0.8072,0.37209,0.372,0.8072,0.37209,0.372,0.37209,0,19.38758,904.75729,1003.55752,0,0,0,30.1968,0,0,0,0,0.300000012,0.5,0.39821,0.81793,1.26834,0.625,0.34114,63,0.200000003,0,12c,0.050562782
66,5780363,1999-07-02,Medium,1375298,Onion Creek,6.9,12090205000110,With Digitized,0,StreamRiver,46003,2,1,1,630063712,630034780,630052704,630008970,557.725,630001920,6.9,0,1,0,2,0,0,630008970,0,1,630039802,0,100,0,0,0,15.0651,15.0651,15.0651,0.7893,46951,40165,46951,40165,0.01005333,0,H,6.75,0.756,0.86003,0.75662,0.756,0.86003,0.75662,0.756,0.86003,0.75662,0.756,0.86003,0.75662,0.756,0.86003,0.75662,0.756,0.75662,0,18.59948,885.7082,955.24389,0,0,0,30.1491,0,0,0,0,0.300000012,0.5,0.39821,0.81793,1.26834,0.625,0.34114,63,0.200000003,0,12c,0.06805251
67,5780097,1999-07-02,Medium,1335894,Flat Creek,6.018,12090205000112,With Digitized,0,StreamRiver,46003,3,1,1,630063707,630034790,630052709,630052709,514.887,630001920,6.018,0,1,0,2,0,0,630008970,0,1,630013885,0,100,0,0,0,18.414,18.414,18.414,5.5539,31651,27272,31651,27272,0.0074625,0,H,5.868000031,0.948,0.86047,0.94851,0.948,0.86047,0.94851,0.948,0.86047,0.94851,0.948,0.86047,0.94851,0.948,0.86047,0.94851,0.948,0.94851,0,19.31843,932.80789,997.78188,0,0,0,30.0907,0,0,0,0,0.300000012,0.5,0.39821,0.81793,1.26834,0.625,0.34114,63,0.200000003,0,12c,0.059596128
68,5780079,1999-07-02,Medium,1342299,Mustang Branch,7.276,12090205000118,With Digitized,0,StreamRiver,46003,3,1,1,630063702,630034778,630052714,630052714,549.288,630001920,7.276,0,1,0,2,0,0,630008970,0,1,630024820,0,100,0,0,0,11.9025,11.9025,11.9025,0.6579,43378,35882,43378,35882,0.01051922,0,H,7.125999928,0.599,0.83486,0.59977,0.599,0.83486,0.59977,0.599,0.83486,0.59977,0.599,0.83486,0.59977,0.599,0.83486,0.59977,0.599,0.59977,0,18.8062,893.4717,966.58364,0,0,0,30.1505,0,0,0,0,0.300000012,0.5,0.39821,0.81793,1.26834,0.625,0.34114,63,0.200000003,0,12c,0.06986546
69,5780089,1999-07-02,Medium,1345431,Rocky Branch,6.81,12090205000119,With Digitized,0,StreamRiver,46003,3,1,1,630063704,630034788,630052712,630052712,518.935,630001920,6.81,0,1,0,2,0,0,630008970,0,1,630016316,0,100,0,0,0,11.8251,11.8251,11.8251,0.5598,34835,27945,34835,27945,0.01034689,0,H,6.65899992,0.609,0.83367,0.60912,0.609,0.83367,0.60912,0.609,0.83367,0.60912,0.609,0.83367,0.60912,0.609,0.83367,0.60912,0.609,0.60912,0,19.32332,923.2056,998.84801,0,0,0,30.1145,0,0,0,0,0.300000012,0.5,0.39821,0.81793,1.26834,0.625,0.34114,63,0.200000003,0,12c,0.068617398
70,5780091,1999-07-02,Medium,1347496,South Onion Creek,11.474,12090205000124,With Digitized,0,StreamRiver,46003,3,1,1,630063705,630034783,630052711,630039801,545.697,630001920,11.474,0,1,0,3,0,0,630039801,0,1,630039801,51.948,100,0,0,0,28.6182,28.6182,28.6182,0.1548,44597,35197,44597,35197,0.00830095,0,H,11.32400036,1.442,0.92868,1.4421,1.442,0.92868,1.4421,1.442,0.92868,1.4421,1.442,0.92868,1.4421,1.442,0.92868,1.4421,1.442,1.4421,0,18.86871,903.0393,970.13919,0,0,0,30.1188,0,0,0,0,0.300000012,0.5,0.39821,0.81793,1.26834,0.625,0.34114,63,0.200000003,0,12c,0.112491293
71,5780101,1999-07-02,Medium,1350692,Yorks Creek,7.557,12090205000127,With Digitized,0,StreamRiver,46003,3,1,1,630063708,630034921,630052708,630039779,508.824,630001920,7.557,0,1,0,3,0,0,630039779,0,1,630039779,28.16559,100,0,0,0,14.3748,14.3748,14.3748,3.4938,33415,27719,33415,27719,0.00769002,0,H,7.407000065,0.74,0.83243,0.74045,0.74,0.83243,0.74045,0.74,0.83243,0.74045,0.74,0.83243,0.74045,0.74,0.83243,0.74045,0.74,0.74045,0,19.32202,939.4395,997.48126,0,0,0,30.0694,0,0,0,0,0.300000012,0.5,0.39821,0.81793,1.26834,0.625,0.34114,63,0.200000003,0,12c,0.073733908
72,5781391,1999-07-02,Medium, , ,3.566,12090205000172,With Digitized,0,StreamRiver,46003,4,1,1,630063792,630034890,630052624,630052624,495.463,630001920,3.566,0,1,0,3,0,0,630020718,0,1,630032465,0,100,0,0,0,2.8944,2.8944,2.8944,0.2808,31151,25670,31151,25722,0.01589285,0,H,3.415999889,0.144,0.71425,0.14414,0.144,0.71425,0.14414,0.144,0.71425,0.14414,0.144,0.71425,0.14414,0.144,0.71425,0.14414,0.144,0.14414,0,19.44593,904.4865,1007.04152,0,0,0,30.1795,0,0,0,0,0.300000012,0.5,0.39821,0.81793,1.26834,0.625,0.34114,63,0.200000003,0,12c,0.034956492
73,5781365,1999-07-02,Medium, , ,3.23,12090205000175,With Digitized,0,StreamRiver,46003,4,1,1,630063788,630035028,630052628,630024814,503.244,630001920,3.23,0,1,0,4,0,0,630024814,0,1,630039739,23.67638,100,0,0,0,8.0145,8.0145,8.0145,0.2106,34267,29531,34267,29531,0.01537662,0,H,3.079999924,0.397,0.81839,0.39743,0.397,0.81839,0.39743,0.397,0.81839,0.39743,0.397,0.81839,0.39743,0.397,0.81839,0.39743,0.397,0.39743,0,19.28417,907.8964,997.34444,0,0,0,30.1894,0,0,0,0,0.300000012,0.5,0.39821,0.81793,1.26834,0.625,0.34114,63,0.200000003,0,12c,0.029939238
74,5781381,1999-07-02,Medium, , ,2.942,12090205000176,With Digitized,0,StreamRiver,46003,5,1,1,630063791,630034892,630052625,630052625,502.242,630001920,2.942,0,1,0,4,0,0,630024814,0,1,630027906,0,100,0,0,0,2.8071,2.8071,2.8071,0.1404,33536,29011,33536,29011,0.01620702,0,H,2.792000055,0.138,0.71227,0.13883,0.138,0.71227,0.13883,0.138,0.71227,0.13883,0.138,0.71227,0.13883,0.138,0.71227,0.13883,0.138,0.13883,0,19.35226,906.26989,1001.48426,0,0,0,30.1869,0,0,0,0,0.300000012,0.5,0.39821,0.81793,1.26834,0.625,0.34114,63,0.200000003,0,12c,0.026968796
75,5781405,2004-07-29,Medium, , ,5.42,12090205000177,With Digitized,0,StreamRiver,46003,5,1,1,630063795,630034893,630052621,630052621,499.45,630001920,5.42,0,1,0,4,0,0,630024814,0,1,630024814,0,100,0,0,0,11.5641,11.5641,11.5641,2.3778,32218,27166,32218,27166,0.00958633,0,H,5.269999981,0.59,0.82429,0.59064,0.59,0.82429,0.59064,0.59,0.82429,0.59064,0.59,0.82429,0.59064,0.59,0.82429,0.59064,0.59,0.59064,0,19.32914,909.7377,999.88713,0,0,0,30.1611,0,0,0,0,0.300000012,0.5,0.39821,0.81793,1.26834,0.625,0.34114,63,0.200000003,0,12c,0.053550405
76,5781445,1999-07-02,Medium,1374550,Little Bear Creek,5.574,12090205000181,With Digitized,0,StreamRiver,46003,4,1,1,630063803,630034908,630052613,630027904,498.919,630001920,5.574,0,1,0,4,0,0,630027904,0,1,630039782,0,100,0,0,0,10.7802,10.7802,10.7802,0.3636,31990,26817,31990,26819,0.00953355,0,H,5.423999786,0.566,0.81677,0.56616,0.566,0.81677,0.56616,0.566,0.81677,0.56616,0.566,0.81677,0.56616,0.566,0.81677,0.56616,0.566,0.56616,0,19.41571,916.3269,1004.98576,0,0,0,30.1205,0,0,0,0,0.300000012,0.5,0.39821,0.81793,1.26834,0.625,0.34114,63,0.200000003,0,12c,0.054342405
77,5781441,1999-07-02,Medium, , ,3.21,12090205000184,With Digitized,0,StreamRiver,46003,5,1,1,630063801,630034908,630052615,630052615,498.919,630001920,3.21,0,1,0,4,0,0,630027904,0,1,630039782,0,100,0,0,0,4.8969,4.8969,4.8969,0.3087,30624,26819,30624,26819,0.01243464,0,H,3.059999943,0.256,0.75062,0.25604,0.256,0.75062,0.25604,0.256,0.75062,0.25604,0.256,0.75062,0.25604,0.256,0.75062,0.25604,0.256,0.25604,0,19.44238,913.3897,1006.59984,0,0,0,30.1261,0,0,0,0,0.300000012,0.5,0.39821,0.81793,1.26834,0.625,0.34114,63,0.200000003,0,12c,0.030230194
78,5781467,1999-07-02,Medium, , ,4.997,12090205000188,With Digitized,0,StreamRiver,46003,4,1,1,630063807,630034913,630052609,630052609,497.169,630001920,4.997,0,1,0,3,0,0,630039780,0,1,630039780,0,100,0,0,0,7.3251,7.3251,7.3251,1.6038,28080,23394,28080,23414,0.00962657,0,H,4.847000122,0.381,0.77395,0.38181,0.381,0.77395,0.38181,0.381,0.77395,0.38181,0.381,0.77395,0.38181,0.381,0.77395,0.38181,0.381,0.38181,0,19.52301,921.6486,1011.21351,0,0,0,30.0779,0,0,0,0,0.300000012,0.5,0.39821,0.81793,1.26834,0.625,0.34114,63,0.200000003,0,12c,0.050363401
79,5781463,1999-07-02,Medium, , ,6.361,12090205000189,With Digitized,0,StreamRiver,46003,3,1,1,630063806,630034913,630052610,630039780,497.169,630001920,6.361,0,1,0,3,0,0,630039780,0,1,630039780,0,100,0,0,0,7.9821,7.9821,7.9821,0.2916,28875,23414,28875,23414,0.00879246,0,H,6.210999966,0.419,0.77678,0.41995,0.419,0.77678,0.41995,0.419,0.77678,0.41995,0.419,0.77678,0.41995,0.419,0.77678,0.41995,0.419,0.41995,0,19.53369,917.4757,1012.05645,0,0,0,30.0917,0,0,0,0,0.300000012,0.5,0.39821,0.81793,1.26834,0.625,0.34114,63,0.200000003,0,12c,0.063163135
80,5781443,1999-07-02,Medium, , ,4.677,12090205000192,With Digitized,0,StreamRiver,46003,3,1,1,630063802,630035034,630052614,630032463,518.283,630001920,4.677,0,1,0,3,0,0,630032463,0,1,630039737,0,100,0,0,0,6.8256,6.8256,6.8256,0.5715,32545,28413,32545,28413,0.00912745,0,H,4.52699995,0.354,0.76249,0.35487,0.354,0.76249,0.35487,0.354,0.76249,0.35487,0.354,0.76249,0.35487,0.354,0.76249,0.35487,0.354,0.35487,0,19.36299,915.08969,1001.68278,0,0,0,30.1344,0,0,0,0,0.300000012,0.5,0.39821,0.81793,1.26834,0.625,0.34114,63,0.200000003,0,12c,0.043329777
81,5780063,1999-07-02,Medium,1343979,Pier Branch,5.917,12090205000193,With Digitized,0,StreamRiver,46003,3,1,1,630063699,630034786,630052717,630052717,524.167,630001920,5.917,0,1,0,2,0,0,630008970,0,1,630017165,0,100,0,0,0,14.6457,14.6457,14.6457,0.7173,34636,29216,34636,29222,0.00938789,0,H,5.767000198,0.747,0.85124,0.74729,0.747,0.85124,0.74729,0.747,0.85124,0.74729,0.747,0.85124,0.74729,0.747,0.85124,0.74729,0.747,0.74729,0,19.2225,910.59459,993.18157,0,0,0,30.1763,0,0,0,0,0.300000012,0.5,0.39821,0.81793,1.26834,0.625,0.34114,63,0.200000003,0,12c,0.056184289
82,5780067,1999-07-02,Medium,1338571,Jackson Branch,5.253,12090205000194,With Digitized,0,StreamRiver,46003,3,1,1,630063700,630034782,630052716,630052716,527.622,630001920,5.253,0,1,0,2,0,0,630008970,0,1,630018142,0,100,0,0,0,15.3819,15.3819,15.3819,2.3661,33988,29691,33988,29691,0.00842053,0,H,5.103000164,0.782,0.84784,0.7826,0.782,0.84784,0.7826,0.782,0.84784,0.7826,0.782,0.84784,0.7826,0.782,0.84784,0.7826,0.782,0.7826,0,19.19954,910.5221,991.92176,0,0,0,30.1743,0,0,0,0,0.300000012,0.5,0.39821,0.81793,1.26834,0.625,0.34114,63,0.200000003,0,12c,0.049450013
83,5780077,1999-07-02,Medium,1349930,White Branch,3.838,12090205000195,With Digitized,0,StreamRiver,46003,3,1,1,630063701,630034780,630052715,630052715,557.725,630001920,3.838,0,1,0,2,0,0,630008970,0,1,630039802,0,100,0,0,0,7.9029,7.9029,7.9029,0.4149,44809,40156,44809,40165,0.01259219,0,H,3.687999964,0.398,0.80151,0.39823,0.398,0.80151,0.39823,0.398,0.80151,0.39823,0.398,0.80151,0.39823,0.398,0.80151,0.39823,0.398,0.39823,0,18.65302,892.10871,958.0251,0,0,0,30.1381,0,0,0,0,0.300000012,0.5,0.39821,0.81793,1.26834,0.625,0.34114,63,0.200000003,0,12c,0.036014202
84,5780057,1999-07-02,Medium, , ,3.542,12090205000196,With Digitized,0,StreamRiver,46003,3,1,1,630063698,630034781,630052718,630052718,536.099,630001920,3.542,0,1,0,2,0,0,630008970,0,1,630022500,0,100,0,0,0,4.5414,4.5414,4.5414,0.5985,36762,31710,36762,31710,0.01489386,0,H,3.39199996,0.228,0.75421,0.22884,0.228,0.75421,0.22884,0.228,0.75421,0.22884,0.228,0.75421,0.22884,0.228,0.75421,0.22884,0.228,0.22884,0,19.13087,906.1009,987.32119,0,0,0,30.1677,0,0,0,0,0.300000012,0.5,0.39821,0.81793,1.26834,0.625,0.34114,63,0.200000003,0,12c,0.035653842
85,5780093,1999-07-02,Medium,1347464,South Gatlin Creek,5.137,12090205000198,With Digitized,0,StreamRiver,46003,4,1,1,630063706,630034787,630052710,630052710,535.166,630001920,5.137,0,1,0,3,0,0,630039800,0,1,630039800,0,100,0,0,0,17.9532,17.9532,17.9532,0.0549,36244,32270,36244,32270,0.00796871,0,H,4.986999989,0.924,0.86301,0.92475,0.924,0.86301,0.92475,0.924,0.86301,0.92475,0.924,0.86301,0.92475,0.924,0.86301,0.92475,0.924,0.92475,0,19.07773,927.7135,982.96773,0,0,0,30.0961,0,0,0,0,0.300000012,0.5,0.39821,0.81793,1.26834,0.625,0.34114,63,0.200000003,0,12c,0.050870914
86,5780083,1999-07-02,Medium,1375175,North Gatlin Creek,7.383,12090205000199,With Digitized,0,StreamRiver,46003,3,1,1,630063703,630034787,630052713,630039800,535.166,630001920,7.383,0,1,0,3,0,0,630039800,0,1,630039800,0,100,0,0,0,13.3848,13.3848,13.3848,1.2879,38769,32226,38769,32270,0.0089852,0,H,7.232999802,0.683,0.83645,0.68361,0.683,0.83645,0.68361,0.683,0.83645,0.68361,0.683,0.83645,0.68361,0.683,0.83645,0.68361,0.683,0.68361,0,19.04006,917.00019,981.12637,0,0,0,30.1174,0,0,0,0,0.300000012,0.5,0.39821,0.81793,1.26834,0.625,0.34114,63,0.200000003,0,12c,0.073363004
87,5781487,1999-07-02,Medium,1375298,Onion Creek,9.216,12090205000099,With Digitized,0,StreamRiver,46003,2,3,3,630034922,630034914,630013024,630008970,496.645,630001920,164.688,0,0,0,2,630008970,630013429,630008970,0,1,630012641,0,100,0,0,0,16.9416,375.2136,375.2136,,-9998,22867,25316,23159,0.00234049,0, ,9.215999603,19.097,1.22526,0.88363,19.097,1.22526,0.88363,35.415,1.27229,2.02988,35.415,1.27229,2.02988,57.476,1.31085,2.02988,35.415,2.02988,0,19.59365,924.89238,1015.1267,0,0,0,30.0576,0,0,0,0,0.300000012,0.5,0.39821,0.81793,1.26834,0.625,0.34114,63,0.200000003,0,12c,0.091302541
88,5780087,1999-07-02,Medium,1375298,Onion Creek,0.751,12090205000102,With Digitized,0,StreamRiver,46006,2,3,3,630034788,630034910,630016316,630008970,518.184,630001920,120.965,0,0,0,2,630008970,630017165,630008970,0,1,630015592,53.68897,100,0,0,0,0.7236,288.0828,288.0828,,-9998,27614,27945,27742,0.00270306,0, ,0.750999987,14.594,1.19091,0.03727,14.594,1.19091,0.03727,28.422,1.23986,0.42479,28.422,1.23986,0.42479,31.023,1.24649,3.02616,28.422,0.42479,0,19.488,920.8106,1009.16565,0,2.601,0,30.1114,0,0,0,0,0.300000012,0.5,0.39821,0.81793,1.26834,0.625,0.34114,63,0.200000003,0,12c,0.006989381
89,5781453,1999-07-02,Medium,1375298,Onion Creek,0.87,12090205000102,With Digitized,0,StreamRiver,46006,2,3,3,630034910,630034911,630015592,630008970,517.314,630001920,121.835,0,0,0,2,630008970,630016316,630008970,0,1,630014968,0,53.68897,0,0,0,0.3537,288.4365,288.4365,,-9998,27261,27742,27742,0.00001,0, ,0.870000005,14.612,0.67078,0.01821,14.612,0.67078,0.01821,28.451,0.69088,0.02901,28.451,0.69088,0.02901,31.056,0.6936,2.63358,28.451,0.02901,0,19.5115,920.8349,1010.62067,0,2.605,0,30.1088,0,0,0,0,0.300000012,0.5,0.39821,0.81793,1.26834,0.625,0.34114,63,0.200000003,0,12c,0.008384339
90,5780081,1999-07-02,Medium,1375298,Onion Creek,5.232,12090205000103,With Digitized,0,StreamRiver,46006,2,3,3,630034786,630034788,630017165,630008970,518.935,630001920,113.404,0,0,0,2,630008970,630018142,630008970,0,1,630016316,0,100,0,0,0,8.2413,275.5341,275.5341,,-9998,27918,29222,27945,0.00244074,0, ,5.231999874,13.947,1.1678,0.4248,13.947,1.1678,0.4248,27.388,1.21609,1.1502,27.388,1.21609,1.1502,29.876,1.2225,3.63825,27.388,1.1502,0,19.38818,915.7191,1003.2783,0,2.488,0,30.135,0,0,0,0,0.300000012,0.5,0.39821,0.81793,1.26834,0.625,0.34114,63,0.200000003,0,12c,0.049679615
91,5780069,1999-07-02,Medium,1375298,Onion Creek,3.455,12090205000104,With Digitized,0,StreamRiver,46006,2,3,3,630034782,630034786,630018142,630008970,524.167,630001920,102.255,0,0,0,2,630008970,630019306,630008970,0,1,630017165,0,100,0,0,0,5.1471,252.6471,252.6471,,-9998,29222,29691,29222,0.00135745,0, ,3.454999924,12.775,1.07575,0.26507,12.775,1.07575,0.26507,25.491,1.11991,0.94044,25.491,1.11991,0.94044,27.772,1.12557,3.22182,25.491,0.94044,0,19.34672,915.0142,1000.86675,0,2.281,0,30.1427,0,0,0,0,0.300000012,0.5,0.39821,0.81793,1.26834,0.625,0.34114,63,0.200000003,0,12c,0.033426058
92,5780073,1999-07-02,Medium,1375298,Onion Creek,2.054,12090205000105,With Digitized,0,StreamRiver,46006,2,3,3,630034784,630034782,630019306,630008970,527.622,630001920,93.547,0,0,0,2,630008970,630020723,630008970,0,1,630018142,0,100,0,0,0,2.7783,232.1181,232.1181,,-9998,29630,29882,29691,0.00092989,0, ,2.053999901,11.727,1.01697,0.1415,11.727,1.01697,0.1415,23.767,1.0587,-2.03533,23.767,1.0587,-2.03533,25.864,1.06386,0.06067,23.767,-2.03533,0,19.32956,914.94901,999.98856,0,2.096,0,30.1444,0,0,0,0,0.300000012,0.5,0.39821,0.81793,1.26834,0.625,0.34114,63,0.200000003,0,12c,0.020056368
93,5780075,1999-07-02,Medium,1375298,Onion Creek,3.617,12090205000106,With Digitized,0,StreamRiver,46006,2,2,2,630034785,630034784,630020723,630008970,529.676,630001920,73.483,0,0,0,2,630008970,630022500,630008970,0,1,630019306,0,100,0,0,0,5.8455,188.4564,188.4564,,-9998,29882,31083,29882,0.00332043,0, ,3.617000103,9.486,1.13511,0.29671,9.486,1.13511,0.29671,19.982,1.18653,-1.93539,19.982,1.18653,-1.93539,21.683,1.19236,-0.23364,19.982,-1.93539,0,19.27864,913.8445,996.77944,0,1.702,0,30.1498,0,0,0,0,0.300000012,0.5,0.39821,0.81793,1.26834,0.625,0.34114,63,0.200000003,0,12c,0.034956827
94,5780065,1999-07-02,Medium,1375298,Onion Creek,2.806,12090205000107,With Digitized,0,StreamRiver,46006,2,2,2,630034781,630034785,630022500,630008970,533.293,630001920,45.988,0,0,0,2,630008970,630024820,630008970,0,1,630020723,0,100,0,0,0,7.0623,120.5892,120.5892,,-9998,31083,31710,31083,0.00223449,0, ,2.805999994,6.058,1.00886,0.35632,6.058,1.00886,0.35632,13.847,1.05737,0.87514,13.847,1.05737,0.87514,13.847,1.05737,0.87514,13.847,0.87514,0,19.21727,910.29559,992.96281,0,0,0,30.16,0,0,0,0,0.300000012,0.5,0.39821,0.81793,1.26834,0.625,0.34114,63,0.200000003,0,12c,0.026956749
95,5780055,1999-07-02,Medium,1375298,Onion Creek,13.189,12090205000108,With Digitized,0,StreamRiver,46006,2,2,2,630034778,630034781,630024820,630008970,536.099,630001920,39.64,0,0,0,2,630008970,630027917,630008970,0,1,630022500,0,100,0,0,0,56.5812,108.9855,108.9855,,-9998,31686,35882,31710,0.00316324,0, ,13.18900013,5.473,1.03163,2.84286,5.473,1.03163,2.84286,12.743,1.08288,6.48044,12.743,1.08288,6.48044,12.743,1.08288,6.48044,12.743,6.48044,0,19.05003,896.39851,982.54236,0,0,0,30.1899,0,0,0,0,0.300000012,0.5,0.39821,0.81793,1.26834,0.625,0.34114,63,0.200000003,0,12c,0.130256612
96,5780053,1999-07-02,Medium,1375298,Onion Creek,5.286,12090205000109,With Digitized,0,StreamRiver,46006,2,2,2,630034777,630034778,630027917,630008970,549.288,630001920,19.175,0,0,0,2,630008970,630032481,630008970,0,1,630024820,0,62.65463,0,0,0,11.2887,40.5018,40.5018,,-9998,35833,38387,35882,0.00473893,0, ,5.285999775,2.03,0.92266,0.56217,2.03,0.92266,0.56217,5.662,0.97587,4.19433,5.662,0.97587,4.19433,5.662,0.97587,4.19433,5.662,4.19433,0,18.8913,883.70589,973.51476,0,0,0,30.181,0,0,0,0,0.300000012,0.5,0.39821,0.81793,1.26834,0.625,0.34114,63,0.200000003,0,12c,0.052213601
97,5780061,1999-07-02,Medium,1375298,Onion Creek,0.124,12090205000109,With Digitized,0,StreamRiver,46003,2,2,2,630034780,630034779,630039802,630008970,557.601,630001920,10.862,0,0,0,2,630008970,630052704,630008970,0,1,630032481,98.52981,100,0,0,0,0.7497,23.7177,23.7177,,-9998,39769,40165,39769,0.03193548,0, ,0.123999998,1.193,1.04432,0.03773,1.193,1.04432,0.03773,1.193,1.04432,0.03773,1.193,1.04432,0.03773,1.193,1.04432,0.03773,1.193,0.03773,0,18.81029,885.38319,968.39981,0,0,0,30.1638,0,0,0,0,0.300000012,0.5,0.39821,0.81793,1.26834,0.625,0.34114,63,0.200000003,0,12c,0.001234854
98,5780059,1999-07-02,Medium,1375298,Onion Creek,3.027,12090205000109,With Digitized,0,StreamRiver,46006,2,2,2,630034779,630034777,630032481,630008970,554.574,630001920,13.889,0,0,0,2,630008970,630039802,630008970,0,1,630027917,62.65463,98.52981,0,0,0,5.4954,29.2131,29.2131,,-9998,38387,39769,38387,0.00456557,0, ,3.02699995,1.468,0.87499,0.27545,1.468,0.87499,0.27545,1.468,0.87499,0.27545,1.468,0.87499,0.27545,1.468,0.87499,0.27545,1.468,0.27545,0,18.81105,885.2738,967.98589,0,0,0,30.1674,0,0,0,0,0.300000012,0.5,0.39821,0.81793,1.26834,0.625,0.34114,63,0.200000003,0,12c,0.029206432
99,5780071,1999-07-02,Medium,1347496,South Onion Creek,12.404,12090205000124,With Digitized,0,StreamRiver,46006,3,1,1,630034783,630034785,630039801,630039801,533.293,630001920,23.878,0,0,0,2,630039801,630052711,630008970,0,1,630020723,0,51.948,0,0,0,33.4035,62.0217,62.0217,,-9998,31080,35197,31083,0.00331667,0, ,12.40400028,3.131,0.94884,1.68901,3.131,0.94884,1.68901,8.07,0.99989,6.62833,8.07,0.99989,6.62833,8.07,0.99989,6.62833,8.07,6.62833,0,19.07624,906.4174,983.73738,0,0,0,30.1446,0,0,0,0,0.300000012,0.5,0.39821,0.81793,1.26834,0.625,0.34114,63,0.200000003,0,12c,0.121366484
100,5781485,1999-07-02,Medium,1350692,Yorks Creek,2.963,12090205000127,With Digitized,0,StreamRiver,46003,3,1,1,630034921,630034922,630039779,630039779,505.861,630001920,10.52,0,0,0,2,630039779,630052708,630008970,0,1,630013024,0,28.16559,0,0,0,10.2096,24.5844,24.5844,,-9998,25316,27719,25316,0.00811002,0, ,2.963000059,1.266,0.90625,0.5259,1.266,0.90625,0.5259,1.266,0.90625,0.5259,1.266,0.90625,0.5259,1.266,0.90625,0.5259,1.266,0.5259,0,19.42719,939.46031,1004.07052,0,0,0,30.056,0,0,0,0,0.300000012,0.5,0.39821,0.81793,1.26834,0.625,0.34114,63,0.200000003,0,12c,0.029082945
101,5781401,1999-07-02,Medium, , ,4.233,12090205000173,With Digitized,0,StreamRiver,46003,4,2,2,630034893,630034898,630024814,630024814,495.217,630001920,19.619,0,0,0,3,630024814,630027906,630020718,0,1,630022495,0,100,0,0,0,7.6059,33.9372,33.9372,,-9998,25301,27166,25358,0.0042712,0, ,4.232999802,1.713,0.88887,0.38697,1.713,0.88887,0.38697,4.927,0.94073,3.60123,4.927,0.94073,3.60123,7.112,0.95981,5.78672,4.927,3.60123,0,19.46892,906.9567,1008.32725,0,2.185,0,30.1565,2,7.112,08158810,6.261,0.300000012,0.5,0.39821,0.81793,1.26834,0.625,0.34114,63,0.200000003,1,12c,0.040799378
102,5781399,1999-07-02,Medium, , ,2.792,12090205000174,With Digitized,0,StreamRiver,46003,4,2,2,630034892,630034893,630027906,630024814,499.45,630001920,9.966,0,0,0,4,630024814,630032466,630024814,0,1,630024814,0,100,0,0,0,2.8863,14.7672,14.7672,,-9998,27150,29011,27166,0.0066058,0, ,2.792999983,0.735,0.82169,0.14558,0.735,0.82169,0.14558,0.735,0.82169,0.14558,0.735,0.82169,0.14558,0.735,0.82169,0.14558,0.735,0.14558,0,19.43744,906.7213,1006.46168,0,0,0,30.1649,0,0,0,0,0.300000012,0.5,0.39821,0.81793,1.26834,0.625,0.34114,63,0.200000003,0,12c,0.02674032
103,5781383,1999-07-02,Medium, , ,0.817,12090205000175,With Digitized,0,StreamRiver,46003,4,1,1,630034887,630034892,630032466,630024814,502.242,630001920,4.232,0,0,0,4,630024814,630039739,630024814,0,1,630027906,0,19.30274,0,0,0,0.9171,9.0738,9.0738,,-9998,28875,29455,29011,0.00543451,0, ,0.816999972,0.45,0.7532,0.04614,0.45,0.7532,0.04614,0.45,0.7532,0.04614,0.45,0.7532,0.04614,0.45,0.7532,0.04614,0.45,0.04614,0,19.39514,907.12509,1004.04654,0,0,0,30.1745,0,0,0,0,0.300000012,0.5,0.39821,0.81793,1.26834,0.625,0.34114,63,0.200000003,0,12c,0.007787139
104,5781933,2008-06-13,Medium, , ,0.185,12090205000175,With Digitized,5780809,ArtificialPath,55800,4,1,1,630035028,630034887,630039739,630024814,503.059,630001920,3.415,0,0,0,4,630024814,630052628,630024814,0,1,630032466,19.30274,23.67638,0,0,0,0.1422,8.1567,8.1567,,-9998,29455,29531,29455,0.0041081,0, ,0.185000002,0.404,0.72351,0.00705,0.404,0.72351,0.00705,0.404,0.72351,0.00705,0.404,0.72351,0.00705,0.404,0.72351,0.00705,0.404,0.00705,0,19.40153,906.81541,1004.39575,0,0,0,30.18,0,0,0,0,0.300000012,0.5,0.39821,0.81793,1.26834,0.625,0.34114,63,0.200000003,0,12c,0.001803127
105,5781451,1999-07-02,Medium, , ,0.076,12090205000190,With Digitized,0,StreamRiver,46003,3,1,1,630034909,630034911,630032463,630032463,517.314,630001920,5.646,0,0,0,2,630032463,630039737,630008970,0,1,630014968,0,100,0,0,0,0.0036,8.2674,8.2674,,-9998,27742,27918,27742,0.02315789,0, ,0.075999998,0.429,0.85866,0.00018,0.429,0.85866,0.00018,0.429,0.85866,0.00018,0.429,0.85866,0.00018,0.429,0.85866,0.00018,0.429,0.00018,0,19.51,921.32899,1010.5164,0,0,0,30.1067,0,0,0,0,0.300000012,0.5,0.39821,0.81793,1.26834,0.625,0.34114,63,0.200000003,0,12c,0.000793707
106,5781945,2008-06-13,Medium, , ,0.893,12090205000191,With Digitized,5780927,ArtificialPath,55800,3,1,1,630035034,630034909,630039737,630032463,517.39,630001920,5.57,0,0,0,3,630032463,630052614,630032463,0,1,630032463,0,100,0,0,0,1.4382,8.2638,8.2638,,-9998,27918,28413,27918,0.00554311,0, ,0.893000007,0.429,0.74674,0.07421,0.429,0.74674,0.07421,0.429,0.74674,0.07421,0.429,0.74674,0.07421,0.429,0.74674,0.07421,0.429,0.07421,0,19.46285,920.5728,1007.69783,0,0,0,30.1078,0,0,0,0,0.300000012,0.5,0.39821,0.81793,1.26834,0.625,0.34114,63,0.200000003,0,12c,0.008408601
107,5780085,1999-07-02,Medium,1336441,Gatlin Creek,5.49,12090205000197,With Digitized,0,StreamRiver,46003,3,2,2,630034787,630034784,630039800,630039800,529.676,630001920,18.01,0,0,0,2,630039800,630052713,630008970,0,1,630019306,0,100,0,0,0,9.5454,40.8834,40.8834,,-9998,29873,32270,29882,0.00434972,0, ,5.489999771,2.1,0.91686,0.49169,2.1,0.91686,0.49169,5.821,0.96924,4.21283,5.821,0.96924,4.21283,5.821,0.96924,4.21283,5.821,4.21283,0,19.25893,923.70721,994.74562,0,0,0,30.1179,0,0,0,0,0.300000012,0.5,0.39821,0.81793,1.26834,0.625,0.34114,63,0.200000003,0,12c,0.054162042
108,5780095,2000-09-07,Medium,1375298,Onion Creek,1.409,12090205000387,With Digitized,0,StreamRiver,46006,2,3,3,630034789,630034790,630014400,630008970,514.887,630001920,129.908,0,0,0,2,630008970,630014968,630008970,0,1,630013885,0,58.0632,0,0,0,1.4301,299.2095,299.2095,,-9998,27254,27272,27272,0.00001,0, ,1.409000039,15.17,0.67387,0.07366,15.17,0.67387,0.07366,29.337,0.69393,0.11657,29.337,0.69393,0.11657,32.039,0.69669,2.81841,29.337,0.11657,0,19.54515,925.57321,1012.34374,0,2.702,0,30.0943,0,0,0,0,0.300000012,0.5,0.39821,0.81793,1.26834,0.625,0.34114,63,0.200000003,0,12c,0.013755496
109,5781455,2000-09-07,Medium,1375298,Onion Creek,1.018,12090205000387,With Digitized,0,StreamRiver,46006,2,3,3,630034911,630034789,630014968,630008970,516.296,630001920,128.499,0,0,0,2,630008970,630015592,630008970,0,1,630014400,58.0632,100,0,0,0,1.0755,297.7794,297.7794,,-9998,27206,27742,27272,0.00461689,0, ,1.018000007,15.096,1.27671,0.05539,15.096,1.27671,0.05539,29.221,1.32992,0.34032,29.221,1.32992,0.34032,31.909,1.33723,3.02925,29.221,0.34032,0,19.49906,922.78919,1009.80061,0,2.689,0,30.1024,0,0,0,0,0.300000012,0.5,0.39821,0.81793,1.26834,0.625,0.34114,63,0.200000003,0,12c,0.009614781
110,5781483,1999-07-02,Medium,1375298,Onion Creek,6.568,12090205000390,With Digitized,0,StreamRiver,46006,2,3,3,630034920,630034922,630013429,630008970,505.861,630001920,144.952,0,0,0,2,630008970,630013885,630008970,0,1,630013024,0,72.76265,0,0,0,12.7809,333.6876,333.6876,,-9998,25124,26659,25316,0.00204476,0, ,6.56799984,16.947,1.18177,0.65884,16.947,1.18177,0.65884,32.118,1.22819,1.02502,32.118,1.22819,1.02502,54.18,1.26798,1.02502,32.118,1.02502,0,19.52033,925.5438,1010.83872,0,0,0,30.0845,0,0,0,0,0.300000012,0.5,0.39821,0.81793,1.26834,0.625,0.34114,63,0.200000003,0,12c,0.063118429
111,5780099,1999-07-02,Medium,1375298,Onion Creek,2.458,12090205000390,With Digitized,0,StreamRiver,46006,2,3,3,630034790,630034920,630013885,630008970,512.429,630001920,138.384,0,0,0,2,630008970,630014400,630008970,0,1,630013429,72.76265,100,0,0,0,3.2832,320.9067,320.9067,,-9998,26659,27272,26659,0.00249389,0, ,2.457999945,16.288,1.20168,0.16912,16.288,1.20168,0.16912,31.093,1.24971,0.8078,31.093,1.24971,0.8078,53.155,1.2915,3.70557,31.093,0.8078,0,19.50463,931.16561,1009.34658,0,2.898,0,30.0834,2,53.155,08158700,52.973,0.300000012,0.5,0.39821,0.81793,1.26834,0.625,0.34114,63,0.200000003,1,12c,0.023936801
